cid,z_hd,z_hd_err,mu,mu_err_diag,is_calibrator
2011fe,0.00122,0.00084,28.9987,1.51645,1
2011fe,0.00122,0.00084,29.0559,1.51747,1
2012cg,0.00256,0.00084,30.7233,0.782372,1
2012cg,0.00256,0.00084,30.7449,0.799068,1
1994DRichmond,0.00299,0.00084,30.7757,0.881212,0
1981B,0.00317,0.00084,30.7946,0.614535,1
2013aa,0.00331,0.00085,30.4604,0.594683,1
2013aa,0.00331,0.00085,30.5528,0.580251,1
2017cbv,0.00331,0.00085,30.4013,0.578445,1
2017cbv,0.00331,0.00085,30.5107,0.578546,1
2001el,0.00333,0.00084,31.5011,0.591006,1
2011by,0.00349,0.00084,31.7933,0.55272,1
1998aq,0.00349,0.00084,31.4967,0.545492,1
1990N,0.00359,0.00084,31.6969,0.550993,1
2021pit,0.00384,0.00084,30.9999,0.566505,1
2005df,0.00407,0.00084,31.3933,0.476404,1
2005df_ANU,0.00407,0.00084,31.3779,0.479276,1
2013dy,0.00432,0.00084,31.499,0.514259,1
2013dy,0.00432,0.00084,31.5611,0.530838,1
2012ht,0.00465,0.00084,31.9309,0.442017,1
2012ht,0.00465,0.00084,32.033,0.420403,1
1980N,0.00482,0.00084,31.2476,0.558603,0
2012fr,0.00483,0.00085,31.1331,0.446882,1
2007on,0.00483,0.00085,31.6525,0.564724,0
2012fr,0.00483,0.00085,31.2234,0.410577,1
1992A,0.00483,0.00085,31.34,0.562589,0
2007on,0.00483,0.00085,31.7635,0.574442,0
2015F,0.00488,0.00084,31.4473,0.448264,1
2015F,0.00488,0.00084,31.539,0.407028,1
2011B,0.00538,0.00084,31.6512,0.514401,0
2018aoz,0.00548,0.00085,31.7282,0.501431,0
2016coj,0.0057,0.00084,31.9117,0.469628,0
SN2016coj,0.0057,0.00084,31.8985,0.483668,0
2007sr,0.00571,0.00084,31.6799,0.375913,1
2007sr,0.00571,0.00084,31.6292,0.385756,1
2007gi,0.00587,0.00084,31.7403,0.491367,0
1994ae,0.00588,0.00084,32.1822,0.339643,1
2015bp,0.00592,0.00084,32.4685,0.487055,0
2018gv,0.00602,0.00085,31.9404,0.344335,1
2018gv,0.00602,0.00085,32.0666,0.343707,1
2018gv,0.00602,0.00085,31.9102,0.350249,1
1981D,0.00616,0.00084,30.9079,0.524992,0
2006dd,0.00616,0.00084,31.1857,0.452235,0
2007af,0.00625,0.00084,32.0667,0.32593,1
2007af,0.00625,0.00084,32.0023,0.36156,1
2007af,0.00625,0.00084,32.0999,0.322811,1
2007af,0.00625,0.00084,32.0337,0.339166,1
2007le,0.0063,0.00084,32.0754,0.533991,0
2007le,0.0063,0.00084,32.0843,0.537335,0
2007le,0.0063,0.00084,32.0203,0.538159,0
1998dm,0.00631,0.00085,32.8333,0.562902,0
2014bv,0.00634,0.00085,32.4001,0.482567,0
2019np,0.00648,0.00084,32.4608,0.318474,1
2019np,0.00648,0.00084,32.4338,0.32229,1
1997br,0.00665,0.00085,31.7321,0.531169,0
2011iv,0.00668,0.00085,31.2217,0.420706,0
1995al,0.00673,0.00084,32.3593,0.359446,1
1996X,0.00676,0.00085,31.9733,0.415464,0
2017erp,0.00677,0.00085,32.1951,0.34053,1
2017erp,0.00677,0.00085,32.1729,0.371125,1
2017erp,0.00677,0.00085,32.2048,0.34795,1
1992G,0.00692,0.00084,32.4405,0.439634,0
2005cf,0.0071,0.00084,32.3193,0.325586,1
2005cf,0.0071,0.00084,32.3327,0.348317,1
2005cf,0.0071,0.00084,32.3221,0.322655,1
2002fk,0.00719,0.00085,32.4423,0.300309,1
2002fk,0.00719,0.00085,32.4642,0.300269,1
2003du,0.00747,0.00084,32.7943,0.289134,1
2003du,0.00747,0.00084,32.7423,0.294759,1
2003du,0.00747,0.00084,32.7685,0.292411,1
2008Q,0.0075,0.00084,32.3312,0.373843,0
2008Q,0.0075,0.00084,32.2998,0.396652,0
2003kf,0.00795,0.00084,32.6418,0.362719,0
1998dh,0.00814,0.00084,32.7164,0.317031,1
1998dh,0.00814,0.00084,32.6151,0.317457,1
2012hr,0.00814,0.00084,32.7092,0.367554,0
2009ig,0.00815,0.00084,32.3711,0.371926,1
2009ig,0.00815,0.00084,32.7434,0.280148,1
2009ig,0.00815,0.00084,32.6707,0.286975,1
1996Z,0.00817,0.00085,32.4455,0.490787,0
1995D,0.00818,0.00084,32.484,0.342662,0
1991M,0.00821,0.00084,33.2138,0.462834,0
2013gh,0.00838,0.00085,32.521,0.465611,0
2013gh,0.00838,0.00085,32.6922,0.484865,0
2001bg,0.00855,0.00084,32.6928,0.359218,1
2005W,0.00855,0.00084,32.852,0.318032,1
ASASSN-15so,0.00857,0.00084,32.7527,0.26758,1
PSNJ0717457,0.00861,0.00084,32.7223,0.383433,0
2005am,0.00863,0.00085,32.3744,0.338325,0
2005am,0.00863,0.00085,32.3945,0.331296,0
2005am,0.00863,0.00085,32.335,0.337879,0
1997bp,0.00864,0.00085,32.4198,0.425219,1
2019ein,0.00883,0.00084,32.8616,0.327035,0
2002er,0.00906,0.00084,32.799,0.368859,0
2002er,0.00906,0.00084,32.7498,0.409525,0
2006D,0.00925,0.00084,32.8914,0.286425,1
2006D,0.00925,0.00084,32.8973,0.282867,1
2006D,0.00925,0.00084,32.9159,0.285505,1
2013cs,0.00935,0.00084,32.3353,0.401367,0
1999cp,0.00954,0.00086,33.0399,0.268981,1
1999cp,0.00954,0.00086,33.2135,0.253629,1
2002cr,0.00954,0.00086,33.2309,0.251906,1
2002cr,0.00954,0.00086,33.2469,0.254885,1
2002dj,0.00957,0.00087,32.901,0.309548,0
2002dj,0.00957,0.00087,32.8654,0.334488,0
1998es,0.00966,0.00086,32.8029,0.35789,0
1998es,0.00966,0.00086,32.9165,0.372831,0
PTF10icb,0.00993,0.00084,33.4753,0.372879,0
2009Y,0.00996,0.00086,32.6457,0.409088,1
2009Y,0.00996,0.00086,32.7458,0.360296,1
2009Y,0.00996,0.00086,32.9015,0.334006,1
2013E,0.01016,0.00085,32.7794,0.348547,0
1999ac,0.01017,0.00084,32.9182,0.365223,0
1999ac,0.01017,0.00084,32.9674,0.341878,0
2009an,0.01026,0.00084,33.3378,0.306294,0
2009an,0.01026,0.00084,33.2253,0.299086,0
2006bh,0.01028,0.00086,33.2788,0.247952,1
2004S,0.01042,0.00084,33.1236,0.317227,0
2021hpr,0.01044,0.00084,33.0869,0.343916,1
2002dp,0.01061,0.00084,33.3806,0.309009,1
2002dp,0.01061,0.00084,33.2931,0.27457,1
1997do,0.01073,0.00084,33.1081,0.364668,0
1997bq,0.01079,0.00084,33.0683,0.324016,1
2008fv_comb,0.01079,0.00084,33.1809,0.377969,1
ASASSN-16jf,0.01096,0.00084,33.5709,0.314858,0
iPTF13ebh,0.01114,0.00085,33.7337,0.342487,0
iPTF13ebh,0.01114,0.00085,33.6369,0.29522,0
2010ko,0.01122,0.00084,33.8347,0.353909,0
2013ex,0.01122,0.00084,33.4336,0.283424,0
2013ex,0.01122,0.00084,33.4947,0.325172,0
2009ab,0.01155,0.00085,33.5833,0.281169,0
2011ao,0.01195,0.00084,33.4974,0.301502,0
2001cz,0.01213,0.00086,33.8783,0.346381,0
2009kk,0.0122,0.00086,33.7023,0.266666,0
2010Y,0.01233,0.00084,33.7403,0.254135,0
2008R,0.01246,0.00086,33.8286,0.265115,0
2002ha,0.01258,0.00085,33.708,0.24076,0
2002ha,0.01258,0.00085,33.7246,0.250097,0
2009kq,0.01259,0.00086,33.5874,0.26006,0
2009kq,0.01259,0.00086,33.5178,0.26619,0
2001bt,0.01279,0.00086,33.7492,0.416658,0
2001ep,0.01283,0.00086,33.6365,0.287379,0
2001ep,0.01283,0.00086,33.5028,0.331124,0
2013gy,0.01303,0.00085,33.7355,0.239783,0
2013gy,0.01303,0.00085,33.7607,0.28722,0
AT2017cfd,0.01304,0.00086,33.5752,0.292564,0
2017cfd,0.01304,0.00086,33.5673,0.284786,0
1999dq,0.01312,0.00085,33.52,0.273536,1
1999dq,0.01312,0.00085,33.4717,0.261601,1
2007hj,0.01325,0.00085,33.9682,0.303693,0
2007hj,0.01325,0.00085,33.9846,0.299399,0
2007hj,0.01325,0.00085,33.9247,0.304606,0
2008hv,0.01375,0.00085,33.797,0.277855,0
2008hv,0.01375,0.00085,33.7683,0.232778,0
2008hv,0.01375,0.00085,33.772,0.235755,0
1997E,0.01376,0.00085,33.7649,0.288791,0
2007cv,0.01386,0.00086,33.6741,0.345367,0
1992al,0.01388,0.00085,33.6968,0.233531,0
1999dk,0.01389,0.00085,33.8053,0.288803,0
1999dk,0.01389,0.00085,33.6651,0.296207,0
ASASSN-16dn,0.01411,0.00085,33.8206,0.250873,0
ASASSN-16la,0.01424,0.00085,33.8444,0.265489,0
2005kc,0.01442,0.00085,34.0187,0.307194,0
2005kc,0.01442,0.00085,34.0249,0.352338,0
2007ca,0.01442,0.00085,34.3366,0.370715,0
2007ca,0.01442,0.00085,34.1781,0.396908,0
2007ca,0.01442,0.00085,34.252,0.397235,0
2006N,0.01446,0.00085,33.9078,0.240515,0
2006td,0.0145,0.00085,34.1727,0.365029,0
2013gq,0.01453,0.00085,33.7526,0.2163,0
2004eo,0.0146,0.00085,33.8826,0.249316,0
2003gt,0.01462,0.00085,33.9253,0.243928,0
2005bo,0.01463,0.00085,33.7553,0.390506,0
2005bo,0.01463,0.00085,33.7189,0.39282,0
2001fe,0.01467,0.00085,33.8916,0.240694,0
2013fa,0.01472,0.00085,33.7894,0.397352,0
2000dm,0.01484,0.00085,34.0109,0.270222,0
PSNJ2043531,0.01492,0.00085,34.1902,0.372674,0
2011df,0.01493,0.00085,33.8524,0.277558,0
2005el,0.01499,0.00086,33.974,0.229564,0
2005el,0.01499,0.00086,33.9261,0.231708,0
2001cn,0.01515,0.00086,33.8877,0.294985,0
2005de,0.01519,0.00085,34.1793,0.26677,0
SN2017jl,0.01525,0.00096,33.7706,0.30219,0
ASASSN-16ad,0.01529,0.00085,34.0334,0.344305,0
ATLAS16cxr,0.01542,0.00131,34.3426,0.372888,0
iPTF16auf,0.01543,0.00085,34.0744,0.314862,0
2008bc,0.01546,0.00086,34.0331,0.226465,0
2011im,0.01549,0.00085,34.2732,0.34036,0
1999ej,0.0155,0.00085,34.2581,0.272528,0
1999ej,0.0155,0.00085,34.2112,0.258071,0
2001en,0.0155,0.00085,33.9994,0.28632,0
2001en,0.0155,0.00085,33.8852,0.313932,0
2001V,0.01557,0.00124,33.7902,0.290577,0
2001V,0.01557,0.00124,33.8072,0.290395,0
2008ec,0.01562,0.00085,34.1732,0.264363,0
2008ec,0.01562,0.00085,34.1302,0.33431,0
2008eo,0.01565,0.00092,34.3317,0.278713,0
2009nq,0.01576,0.00085,34.1657,0.28688,0
2005al,0.01578,0.00085,33.9986,0.219937,0
2013hn,0.01578,0.00085,34.0697,0.290382,0
2001bf,0.01581,0.00086,33.9926,0.239289,0
2001bf,0.01581,0.00086,33.9004,0.218994,0
ASASSN-15oh,0.01587,0.00085,34.3916,0.270341,0
1994S,0.01588,0.00085,34.0287,0.224824,0
1999aa,0.0159,0.00085,34.1663,0.242893,0
1999aa,0.0159,0.00085,34.1323,0.209471,0
2002cs,0.0159,0.00085,34.0329,0.272511,0
iPTF14bdn,0.01603,0.00085,34.1062,0.281582,0
2007ss,0.01652,0.00085,34.4137,0.34637,0
2010kg,0.01652,0.00085,33.9999,0.334729,0
2013fw,0.01656,0.00085,34.1608,0.218117,0
2013Q,0.01657,0.00085,33.9726,0.41528,0
iPTF13dge,0.01662,0.00085,34.2793,0.261916,0
2007fs,0.01666,0.00086,34.3408,0.198023,0
SN2016gfr,0.01671,0.00086,33.8985,0.245383,0
ASASSN-16ip,0.01678,0.00085,34.1679,0.246475,0
2007A,0.01682,0.00085,34.4649,0.358327,1
2007A,0.01682,0.00085,34.5341,0.341619,1
PSNJ0107203,0.01682,0.00085,33.9673,0.284408,0
1998ef,0.0169,0.00085,33.841,0.289311,0
1998ef,0.0169,0.00085,33.8975,0.264562,0
ASASSN-15ti,0.01692,0.00085,34.4894,0.310314,0
ASASSN-15od,0.01698,0.00085,34.3409,0.228387,0
1996bv,0.01699,0.00085,34.0755,0.297815,0
1997Y,0.01705,0.00085,34.1973,0.214463,0
2001da,0.01718,0.00085,34.022,0.308995,0
2001da,0.01718,0.00085,34.2003,0.325329,0
ASASSN-15kx,0.0172,0.00085,34.6084,0.219814,0
2000dk,0.0173,0.00085,34.1436,0.28269,0
2000dk,0.0173,0.00085,34.1517,0.257136,0
2007fb,0.01733,0.00085,34.4009,0.221698,0
2007fb,0.01733,0.00085,34.5101,0.231239,0
2006ef,0.01734,0.00085,34.361,0.220285,0
2008C,0.01737,0.00085,34.31,0.263557,0
2008C,0.01737,0.00085,34.2669,0.262425,0
2004fz,0.01743,0.00085,33.7799,0.330633,0
2006ax,0.01747,0.00086,34.3228,0.200241,0
2006ax,0.01747,0.00086,34.3133,0.19782,0
1998V,0.01752,0.00085,34.1465,0.231417,0
2013gs,0.01776,0.00085,34.2221,0.320412,0
2008L,0.01778,0.00085,34.3364,0.210115,0
2008L,0.01778,0.00085,34.2464,0.213428,0
2009le,0.01784,0.00085,34.2939,0.246602,0
2009le,0.01784,0.00085,34.2418,0.22287,0
2000dr,0.0179,0.00086,34.2975,0.318912,0
2007as,0.01802,0.00097,34.2661,0.234211,0
1992bo,0.01808,0.00086,34.6078,0.20147,0
2010ai,0.01826,0.00085,34.9792,0.21848,0
ASASSN-17co,0.01826,0.00086,34.2005,0.280568,0
PS15coh,0.01839,0.00085,34.4393,0.226901,0
2009gf,0.01855,0.00085,34.492,0.255362,0
2009gf,0.01855,0.00085,34.576,0.296243,0
2016ffh,0.01865,0.00085,34.6171,0.238984,0
ATLAS16cpu,0.01865,0.00085,34.5716,0.239989,0
2000cu,0.01866,0.00086,34.6066,0.277471,0
2011fs,0.01875,0.00085,34.5466,0.215514,0
2011fs,0.01875,0.00085,34.4866,0.321023,0
ASASSN-16cs,0.01905,0.00085,34.4286,0.281407,0
2006kf,0.01947,0.00085,34.7747,0.195403,0
2006kf,0.01947,0.00085,34.8085,0.195531,0
2008hs,0.01975,0.00085,34.757,0.466611,0
2008hs,0.01975,0.00085,34.7394,0.433516,0
2007au,0.01976,0.00085,34.6865,0.406241,0
2016W,0.01995,0.00085,34.3648,0.295725,0
2002kf,0.02001,0.00085,34.6854,0.204275,0
1992bc,0.02006,0.00086,34.5121,0.199486,0
2009ds,0.02019,0.00086,34.5072,0.233893,0
2009ds,0.02019,0.00086,34.702,0.19246,0
2006ej,0.02023,0.00085,34.5995,0.188309,0
2006ej,0.02023,0.00085,34.5012,0.295566,0
2006ej,0.02023,0.00085,34.576,0.189903,0
2006ej,0.02023,0.00085,34.6482,0.187832,0
2002jy,0.02024,0.00085,34.9988,0.187715,0
2016hpw,0.02034,0.00087,34.8165,0.241825,0
ATLAS16dqf,0.02034,0.00087,34.5749,0.375822,0
2005ki,0.02035,0.00085,34.5709,0.187708,0
2005ki,0.02035,0.00085,34.5656,0.177716,0
2005ki,0.02035,0.00085,34.4931,0.19075,0
ASASSN-15lg,0.02044,0.00085,34.6552,0.214591,0
2001dl,0.02049,0.00085,35.1263,0.375783,0
PSNJ1602512,0.02052,0.00086,34.556,0.333904,0
2007st,0.02056,0.00085,34.4168,0.217156,0
ASASSN-17bs,0.02056,0.00085,34.5647,0.249505,0
2010A,0.02081,0.00085,34.4863,0.330445,0
2003W,0.02082,0.00085,34.674,0.230899,0
2003W,0.02082,0.00085,34.6349,0.254511,0
2001br,0.0209,0.00087,34.8118,0.300223,0
ASASSN-16lc,0.02096,0.00086,34.6956,0.216494,0
AT2016eoa,0.02106,0.00085,34.6693,0.230687,0
ASASSN-16lg,0.02116,0.00086,34.375,0.203089,0
2004bw,0.02116,0.00087,34.8194,0.196425,0
2008Z,0.02118,0.00085,35.118,0.310686,0
2008Z,0.02118,0.00085,35.2056,0.304103,0
2007bc,0.02131,0.00085,34.7561,0.180584,0
2007bc,0.02131,0.00085,34.7344,0.177177,0
2007bc,0.02131,0.00085,34.7419,0.187753,0
SN2016ajf,0.02134,0.00085,34.7627,0.339971,0
2009dc,0.02137,0.00085,34.3468,0.19901,0
2018fop,0.02151,0.00086,34.5899,0.199177,0
ASASSN-15uv,0.02153,0.00085,34.6114,0.393324,0
ASASSN-18da,0.0217,0.00086,34.7709,0.195863,0
2006et,0.02183,0.00086,34.7583,0.283448,0
2006et,0.02183,0.00086,34.7742,0.253646,0
1999dg,0.02197,0.00086,34.8589,0.246447,0
2001cp,0.02198,0.00085,34.9654,0.216973,0
1995ak,0.02203,0.00085,34.6739,0.247785,0
2009na,0.02205,0.00085,34.7477,0.199095,0
ASASSN-18iu,0.02207,0.00086,34.8847,0.186029,0
ATLAS16dpb,0.02215,0.00085,35.0481,0.288632,0
SNF20080514-002,0.02219,0.00085,35.0136,0.216159,0
2006dm,0.02228,0.00087,34.8059,0.18018,0
2006dm,0.02228,0.00087,34.8234,0.25811,0
2008ia,0.02231,0.00086,34.9245,0.169837,0
2004bg,0.02234,0.00085,34.7727,0.199004,0
2004bg,0.02234,0.00085,34.8704,0.204479,0
2002cu,0.02236,0.00085,34.7814,0.224663,0
2006cp,0.02239,0.00085,34.7714,0.302654,0
2006cp,0.02239,0.00085,34.8603,0.24312,0
2000fa,0.0224,0.00085,34.759,0.288719,0
2000fa,0.0224,0.00085,34.7997,0.25527,0
ASASSN-16bn,0.02241,0.00086,35.0392,0.214526,0
ASASSN-17aj,0.02255,0.00086,34.7306,0.243141,0
AT2017cfb,0.02266,0.00085,34.8438,0.220547,0
2006bq,0.0227,0.00086,34.8693,0.2033,0
2002ef,0.02273,0.00087,34.6849,0.358325,0
2010cr,0.02295,0.00085,35.2685,0.304874,0
ASASSN-15il,0.02295,0.00087,34.8584,0.20127,0
2000cn,0.02298,0.00085,34.9992,0.267367,0
2000cn,0.02298,0.00085,34.9712,0.237284,0
2017hoq,0.02303,0.00086,34.985,0.19074,0
2009jb,0.02307,0.00086,34.7666,0.340338,0
2014ai,0.02313,0.00085,35.0225,0.271221,0
ASASSN-14fa,0.02316,0.00087,34.883,0.27497,0
2004at,0.02321,0.00085,34.9168,0.178524,0
PS15cku,0.02325,0.00086,35.0537,0.229702,0
2007ci,0.02331,0.00085,34.6478,0.266962,0
2007ci,0.02331,0.00085,34.4301,0.279423,0
2009al,0.02342,0.00087,34.9851,0.282579,0
2009al,0.02342,0.00087,35.0081,0.221692,0
2009al,0.02342,0.00087,34.9783,0.225403,0
2009cz,0.02343,0.00085,34.8582,0.260273,0
2009cz,0.02343,0.00085,34.8582,0.170636,0
ASASSN-15nr,0.02344,0.00087,34.8331,0.263771,0
2004bk,0.02352,0.00085,34.8391,0.21588,0
2018enc,0.02354,0.00086,34.9998,0.217718,0
2007qe,0.02357,0.00085,35.0406,0.206572,0
2007qe,0.02357,0.00085,34.9509,0.259128,0
ATLAS17bas,0.02357,0.00085,34.5715,0.261746,0
ASASSN-15tz,0.02365,0.00085,34.9543,0.274039,0
2010ao,0.02369,0.00085,34.943,0.2098,0
2006sr,0.02388,0.00085,34.9949,0.180801,0
ASASSN-15jt,0.0239,0.00085,34.889,0.403697,0
ASASSN-16em,0.0239,0.00086,34.994,0.277383,0
2000ca,0.02391,0.00088,34.8993,0.190331,0
1998eg,0.02401,0.00085,35.1018,0.195014,0
PS1-14xw,0.02411,0.00085,35.1049,0.31033,0
2010gp,0.02411,0.00085,34.4711,0.398476,0
2000bh,0.02412,0.00087,34.8782,0.224067,0
2007F,0.02417,0.00085,34.9421,0.208286,0
2007F,0.02417,0.00085,35.084,0.183555,0
1993H,0.02428,0.00086,35.1803,0.232251,0
AT2016bln,0.02429,0.00085,35.0771,0.195416,0
2006ac,0.02432,0.00085,34.9871,0.184147,0
2006ac,0.02432,0.00085,34.953,0.198064,0
ASASSN-15sf,0.02432,0.00131,35.2317,0.235205,0
2005bg,0.02434,0.00085,35.0102,0.201948,0
2009D,0.02453,0.00086,35.008,0.162015,0
2009D,0.02453,0.00086,35.0746,0.209952,0
2009D,0.02453,0.00086,34.9493,0.170871,0
PS16ccn,0.02457,0.00087,35.1784,0.189112,0
2008bf,0.02462,0.00131,35.1061,0.235556,0
2008bf,0.02462,0.00131,35.0521,0.231261,0
2008bf,0.02462,0.00131,34.8898,0.233972,0
1994M,0.02464,0.00085,34.9528,0.213795,0
2004br,0.02464,0.00085,34.807,0.18246,0
ASASSN-16hz,0.02466,0.00087,34.8112,0.317595,0
2003he,0.02491,0.00087,35.0862,0.240547,0
2001cj,0.02494,0.00085,35.1973,0.228493,0
Gaia16agf,0.02509,0.00086,35.2152,0.268527,0
2007cq,0.0251,0.00086,34.8369,0.288042,0
2007cq,0.0251,0.00086,34.8482,0.181918,0
2003it,0.0251,0.00085,35.079,0.205996,0
2007cq,0.0251,0.00086,35.009,0.176889,0
AT2017cfc,0.02512,0.00087,35.0276,0.190198,0
2011dn,0.02513,0.00085,34.4583,0.333265,0
2007sw,0.02517,0.00086,34.9117,0.306484,0
2012bh,0.02517,0.00086,35.1989,0.238281,0
370356,0.02517,0.00086,35.2277,0.204374,0
2002he,0.02519,0.00086,35.1139,0.15531,0
2002he,0.02519,0.00086,35.1145,0.174825,0
2018jjd,0.02521,0.00086,34.9842,0.185284,0
2002bf,0.02525,0.00085,34.9441,0.240723,0
2002bf,0.02525,0.00085,34.9063,0.269066,0
ASASSN-16bq,0.02534,0.00086,35.1882,0.176701,0
PS15ahs,0.02534,0.00086,35.1974,0.185937,0
PSNJ0153424,0.02556,0.00085,35.1828,0.233724,0
SN2017hn,0.02557,0.00085,35.0621,0.190177,0
1992ag,0.02585,0.00087,34.7664,0.344692,0
SN2017ms,0.02591,0.00086,35.1181,0.200181,0
PSNJ2352371,0.02596,0.00085,35.4014,0.200491,0
2005M,0.02598,0.00086,35.2931,0.179545,0
2005M,0.02598,0.00086,35.1081,0.198242,0
2005M,0.02598,0.00086,34.835,0.348314,0
SN2017mf,0.02598,0.00086,35.3111,0.17873,0
2005mc,0.02626,0.00086,35.2855,0.288909,0
2005mc,0.02626,0.00086,35.3429,0.323231,0
ASASSN-15uu,0.02632,0.00086,35.0223,0.372346,0
2005ms,0.02669,0.00086,35.308,0.179587,0
1999gp,0.02691,0.00086,35.2688,0.183373,0
1999gp,0.02691,0.00086,35.2892,0.205883,0
ASASSN-15mf,0.02695,0.00086,35.1184,0.181369,0
ASASSN-17at,0.02713,0.00086,35.2513,0.18676,0
SNF20071021-000,0.02714,0.00087,35.3224,0.216057,0
2013fn,0.0273,0.00086,35.2892,0.298907,0
2002eb,0.02731,0.00091,35.2673,0.172357,0
2007co,0.02731,0.00086,35.3437,0.230789,0
2007co,0.02731,0.00086,35.1118,0.346591,0
2007co,0.02731,0.00086,35.227,0.261645,0
1992P,0.02736,0.00086,35.313,0.220137,0
2007su,0.0274,0.00086,35.3042,0.352852,0
ASASSN-15fa,0.02741,0.00086,35.5236,0.225337,0
2005na,0.02748,0.00086,35.113,0.172724,0
2005na,0.02748,0.00086,35.1538,0.186856,0
2005na,0.02748,0.00086,35.1117,0.170295,0
ASASSN-16av,0.02773,0.00086,35.3467,0.289875,0
2006gj,0.02803,0.00086,35.7258,0.321699,0
2010ii,0.02805,0.00086,35.1306,0.184771,0
2006ev,0.0281,0.00086,35.6739,0.216353,0
PSNJ0252467,0.02816,0.00086,35.3613,0.190628,0
2009aa,0.02819,0.00088,35.3174,0.173415,0
2011hb,0.0282,0.00089,35.2874,0.292934,0
2005eq,0.02823,0.00086,35.5061,0.163093,0
2005eq,0.02823,0.00086,35.5563,0.160218,0
2005eq,0.02823,0.00086,35.558,0.160985,0
2003U,0.02833,0.00086,35.2665,0.177545,0
2009ad,0.02844,0.00086,35.372,0.160301,0
2009ad,0.02844,0.00086,35.3421,0.156527,0
2002el,0.02849,0.00087,35.1049,0.181734,0
2008ar,0.02849,0.00086,35.4368,0.180322,0
2008ar,0.02849,0.00086,35.2913,0.178243,0
2008ar,0.02849,0.00086,35.359,0.180243,0
AT2017ns,0.02849,0.00094,35.1963,0.366604,0
2004gs,0.02857,0.00086,35.5996,0.235009,0
SN2017ckx,0.02858,0.00086,35.6596,0.251383,0
2007is,0.02866,0.00086,35.3449,0.211378,0
2013bs,0.02866,0.00087,35.4105,0.201911,0
1998ab,0.02873,0.00086,34.9487,0.227749,0
1993ah,0.02888,0.00088,35.2763,0.655117,0
2006qo,0.02898,0.00086,35.4779,0.275376,0
ASASSN-15la,0.02902,0.00086,35.0558,0.218663,0
1996C,0.02913,0.00086,35.5152,0.250819,0
PS16cvc,0.02915,0.00086,35.6948,0.183345,0
ASASSN-15fs,0.02917,0.00086,35.2391,0.185823,0
2003ch,0.02919,0.00087,35.6024,0.169987,0
ASASSN-16ay,0.02938,0.00086,35.6222,0.299966,0
PSNJ0859349,0.02938,0.00086,35.472,0.225755,0
ASASSN-16fs,0.02944,0.00086,35.2761,0.180915,0
LSQ12gdj,0.02947,0.00086,35.0939,0.272694,0
2000cw,0.02949,0.00086,35.6079,0.224233,0
2002de,0.0295,0.00086,35.3638,0.283742,0
ASASSN-16aj,0.02953,0.00086,35.4654,0.177866,0
ASASSN-16br,0.02956,0.00087,35.5064,0.190895,0
AT2017zd,0.02969,0.00087,35.2781,0.194122,0
ASASSN-16hh,0.02978,0.00086,35.5015,0.190369,0
ATLAS17ajn,0.02978,0.00086,35.5116,0.190788,0
Gaia16bba,0.0299,0.00086,35.4354,0.185335,0
1997dg,0.02996,0.00086,35.861,0.192522,0
2004ef,0.03012,0.00086,35.5195,0.196088,0
2004ef,0.03012,0.00086,35.4838,0.199296,0
2004ef,0.03012,0.00086,35.4761,0.233488,0
ASASSN-15nq,0.03023,0.00086,35.5185,0.166012,0
AT2017lm,0.03031,0.00086,35.5542,0.216273,0
ASASSN-16fo,0.03036,0.00088,35.4803,0.173804,0
ASASSN-16es,0.03047,0.00086,35.5345,0.258248,0
AT2016cyt,0.03059,0.00086,35.3586,0.164518,0
2013fy,0.03075,0.00087,35.3522,0.343157,0
ASASSN-15uw,0.03076,0.00087,35.6084,0.212671,0
ASASSN-16hr,0.03083,0.00086,35.4648,0.278746,0
PS15cwx,0.03086,0.00087,35.4164,0.184841,0
1990O,0.03091,0.00087,35.4926,0.166476,0
2001ba,0.03096,0.00087,35.6481,0.206672,0
2009eu,0.03108,0.00178,35.9224,0.399302,0
2009fv,0.03108,0.00086,35.406,0.332119,0
2009fv,0.03108,0.00086,35.3374,0.375292,0
SNF20080909-030,0.0311,0.00086,35.565,0.183722,0
2008gg,0.03114,0.00087,35.67,0.236835,0
2008gg,0.03114,0.00087,35.5409,0.184896,0
1999cc,0.03116,0.00086,35.5877,0.169094,0
AT2017wb,0.03117,0.00086,35.5304,0.283582,0
MASTEROTJ08,0.03118,0.00087,35.6675,0.174531,0
2007bd,0.0312,0.00087,35.4957,0.175954,0
2007bd,0.0312,0.00087,35.5793,0.14868,0
2007bd,0.0312,0.00087,35.4841,0.153803,0
2006bt,0.03121,0.00086,35.772,0.224228,0
2006bt,0.03121,0.00086,35.7428,0.226764,0
2006bt,0.03121,0.00086,35.7867,0.216659,0
2006bw,0.03132,0.00086,35.6231,0.320886,0
ASASSN-15hg,0.03143,0.00086,35.6461,0.196214,0
ATLAS17axb,0.03143,0.00087,35.5602,0.185563,0
2010gn,0.03147,0.00086,35.9119,0.273901,0
CSS160428,0.03148,0.00087,35.7017,0.164289,0
2000dn,0.03148,0.00089,35.707,0.22057,0
2006en,0.03162,0.00086,35.6474,0.19424,0
2006en,0.03162,0.00086,35.6847,0.188076,0
2008bq,0.03166,0.00087,35.7279,0.17805,0
ASASSN-16oz,0.03192,0.00218,35.4592,0.276064,0
2006az,0.03201,0.00086,35.4896,0.148675,0
010026,0.03236,0.00086,35.6746,0.20211,0
AT2017po,0.03255,0.00086,35.576,0.196814,0
2007ai,0.0326,0.00087,35.8562,0.258808,0
2007ai,0.0326,0.00087,35.8577,0.294619,0
2007ux,0.03264,0.00086,35.8808,0.19004,0
2007ux,0.03264,0.00086,35.6656,0.274525,0
ASASSN-15pr,0.03264,0.00087,35.9082,0.198168,0
2008gl,0.03272,0.00088,35.6638,0.156049,0
2008gl,0.03272,0.00088,35.6366,0.169859,0
2008gl,0.03272,0.00088,35.6431,0.148421,0
SN2016hpx,0.03282,0.00098,35.6329,0.204026,0
SN2017cii,0.03289,0.00086,35.8381,0.178659,0
2006te,0.0329,0.00086,35.7248,0.15355,0
2006os,0.03294,0.00088,35.7992,0.326022,0
2004as,0.03296,0.00086,35.7324,0.22019,0
2004as,0.03296,0.00086,35.8907,0.225741,0
ASASSN-16bc,0.03298,0.00087,35.6164,0.168015,0
2008gp,0.03333,0.00088,35.6643,0.150947,0
2008gp,0.03333,0.00088,35.7268,0.162633,0
2010ag,0.03335,0.00086,35.8159,0.198961,0
2005iq,0.03341,0.00087,35.8647,0.150987,0
2005iq,0.03341,0.00087,35.8516,0.143619,0
PS15bsq,0.03371,0.00086,35.7797,0.159699,0
2004L,0.03373,0.00086,35.829,0.273673,0
2003gn,0.03375,0.00086,36.0229,0.243018,0
2003cq,0.03378,0.00086,35.8276,0.259126,0
2006S,0.03393,0.00086,35.9089,0.177213,0
2011dl,0.03403,0.00086,35.7587,0.312966,0
2006gr,0.03428,0.00086,35.9188,0.207416,0
2006gr,0.03428,0.00086,35.9378,0.211316,0
ASASSN-16dw,0.03437,0.00088,35.7837,0.217075,0
2007ba,0.03441,0.00086,35.825,0.340606,0
ATLAS17ajs,0.03451,0.00086,35.9757,0.358083,0
1996bl,0.03459,0.00087,35.7348,0.155656,0
2003kc,0.03479,0.00086,35.8566,0.205773,0
2003iv,0.03491,0.00088,35.9118,0.165632,0
ASASSN-15jl,0.03512,0.00086,35.8816,0.169326,0
1992bg,0.03515,0.00088,35.8937,0.211664,0
2005eu,0.03516,0.00507,35.8012,0.48333,0
2005eu,0.03516,0.00507,35.8038,0.482057,0
2008at,0.03522,0.00088,35.8349,0.334212,0
ASASSN-15tg,0.03529,0.00086,35.861,0.1686,0
2007hu,0.03551,0.00086,35.9905,0.374822,0
PTSS-16efw,0.03568,0.00086,36.234,0.188455,0
2016fbk,0.03576,0.00086,35.9591,0.225173,0
AT2016fbk,0.03576,0.00086,36.1545,0.230318,0
1994T,0.03583,0.00086,35.9325,0.204232,0
ASASSN-15mi,0.03585,0.00086,35.5515,0.204326,0
ASASSN-15ss,0.03599,0.00087,35.9909,0.187185,0
2001ck,0.03616,0.00093,35.8586,0.223482,0
PS15bbn,0.03624,0.00087,36.1845,0.187245,0
ASASSN-15lu,0.03635,0.00086,36.0035,0.185251,0
2008hj,0.03682,0.00088,35.9282,0.1566,0
2008hj,0.03682,0.00088,35.8836,0.185109,0
2000dg,0.03697,0.00087,36.0748,0.289284,0
2002G,0.03702,0.00086,35.8056,0.308166,0
2002G,0.03702,0.00086,35.9287,0.318471,0
2006mo,0.03702,0.00088,36.0695,0.175025,0
2008ei,0.03702,0.001,36.08,0.336812,0
2002hu,0.03705,0.00132,35.9637,0.166565,0
2000cf,0.03707,0.00087,36.0475,0.166339,0
2001eh,0.03725,0.00088,36.0067,0.135213,0
2001eh,0.03725,0.00088,35.9927,0.149174,0
ASASSN-16db,0.0373,0.00086,35.8698,0.18969,0
AT2016hns,0.0374,0.00087,35.9789,0.163683,0
ASASSN-15bc,0.03753,0.00087,35.949,0.262609,0
2007jg,0.03756,0.00086,36.3333,0.171248,0
2007jg,0.03756,0.00086,36.2185,0.171341,0
AT2016cvw,0.03787,0.00087,36.0063,0.206656,0
2002eu,0.0379,0.00093,36.0624,0.163008,0
2008gb,0.03796,0.00087,36.0889,0.198876,0
2007O,0.03818,0.00087,35.8938,0.151724,0
2007O,0.03818,0.00087,35.8617,0.152703,0
2008fr,0.03828,0.00218,36.1141,0.236153,0
SN2017ciy,0.03834,0.00136,36.5177,0.245806,0
2008O,0.03847,0.00088,36.2254,0.311188,0
2009bv,0.03848,0.00087,36.2564,0.149974,0
2008051,0.03873,0.00087,36.0125,0.17035,0
ASASSN-15np,0.03884,0.00087,36.026,0.219507,0
2010dw,0.03902,0.00088,36.0125,0.204712,0
ASASSN-15pn,0.03909,0.00087,36.1962,0.220822,0
1999aw,0.0391,0.00132,36.2125,0.18352,0
2008dr,0.04014,0.00087,36.284,0.147901,0
PS15cze,0.04035,0.00087,36.5486,0.234635,0
2003fa,0.04056,0.00088,36.0167,0.143473,0
2003fa,0.04056,0.00088,36.0818,0.14498,0
SN2016glz,0.04077,0.00087,35.9918,0.210464,0
PS16axi,0.04089,0.00087,36.1263,0.168835,0
SN2017coa,0.04095,0.00312,36.4104,0.307187,0
2009do,0.04099,0.00087,36.0403,0.147245,0
2001az,0.04101,0.00087,36.3153,0.150794,0
2007jh,0.04167,0.00087,36.5601,0.280122,0
1992bl,0.04222,0.00089,36.2101,0.208042,0
2014bj,0.04258,0.00507,36.5106,0.426487,0
2006cf,0.04268,0.00087,36.2931,0.151018,0
2006cz,0.04268,0.0009,35.9138,0.29449,0
2007kk,0.04285,0.00088,36.2521,0.175538,0
2007kk,0.04285,0.00088,36.2071,0.166515,0
AT2016htm,0.04289,0.00088,36.2018,0.162522,0
ASASSN-16ct,0.04306,0.00087,36.2457,0.207056,0
SN2016ayg,0.04349,0.00088,36.4165,0.166064,0
2007nq,0.04349,0.00087,36.2137,0.152187,0
2007nq,0.04349,0.00087,36.2882,0.166626,0
MASTERJ0134,0.04369,0.00087,36.2594,0.177777,0
ASASSN-15mg,0.04408,0.00087,36.3298,0.181208,0
AT2016cvv,0.04438,0.00096,36.5469,0.231201,0
2005ku,0.04439,0.00087,36.2916,0.249078,0
1992bh,0.0444,0.00218,36.551,0.270525,0
2006gt,0.04464,0.00087,36.5114,0.286272,0
2006hx,0.04487,0.00087,36.4565,0.162334,0
PS16cqa,0.04521,0.00087,36.6866,0.304921,0
PSNJ1204051,0.04545,0.00087,36.4541,0.196266,0
2005hc,0.04575,0.00087,36.4634,0.173532,0
2005hc,0.04575,0.00087,36.5139,0.151933,0
SN2016esh,0.04583,0.00087,36.1579,0.182756,0
PS17tn,0.0459,0.00087,36.3811,0.196005,0
2008050,0.04625,0.0009,36.2636,0.218105,0
AT2016ews,0.04631,0.00087,36.5394,0.159223,0
2005lz,0.04643,0.00088,36.3247,0.195021,0
360156,0.04656,0.00087,36.5081,0.209562,0
2004gu,0.04664,0.00087,36.4713,0.19409,0
2008cf,0.04682,0.00088,36.4786,0.148197,0
2008cf,0.04682,0.00088,36.4857,0.182928,0
AT2017yk,0.04691,0.00089,36.7582,0.280677,0
2016afk,0.04738,0.00087,36.5642,0.229149,0
PS16fa,0.0476,0.00087,36.6009,0.161688,0
PS15aii,0.04777,0.00087,36.5946,0.145385,0
PS17akj,0.04777,0.00087,36.5627,0.208806,0
ATLAS16agv,0.04819,0.00089,36.4976,0.165873,0
ASASSN-15pm,0.04837,0.00089,36.3735,0.154741,0
1995ac,0.0486,0.00087,36.3303,0.135835,0
AT2016gmg,0.04865,0.00088,36.641,0.181462,0
1990af,0.04934,0.00089,36.5997,0.202684,0
PS16el,0.0494,0.00087,36.4691,0.176995,0
2006cq,0.04944,0.00088,36.5828,0.168097,0
1993ag,0.04985,0.00089,36.6402,0.244395,0
PS15asb,0.04989,0.00094,36.4714,0.18553,0
1998dx,0.05018,0.00088,36.5693,0.155812,0
PS16dnp,0.05023,0.00088,36.8583,0.163226,0
2007kh,0.05032,0.00508,36.5403,0.453411,0
ASASSN-17eb,0.05044,0.00088,36.4621,0.201896,0
PS15brr,0.05049,0.00088,36.5461,0.190961,0
2008hu,0.05052,0.00089,36.7036,0.133364,0
AT2016cor,0.05066,0.00088,36.8523,0.302557,0
PS16fbb,0.05106,0.00088,36.8804,0.16836,0
2003ic,0.05126,0.00088,36.393,0.201448,0
ASASSN-16hc,0.05151,0.00088,36.5862,0.156832,0
1993O,0.05194,0.00091,36.7759,0.228182,0
2006ot,0.05202,0.00089,36.8679,0.208308,0
2006ot,0.05202,0.00089,36.5433,0.298829,0
AT2016htn,0.05222,0.00089,36.8411,0.218249,0
PS16evk,0.05262,0.00088,36.9144,0.207509,0
PS16n,0.05309,0.00088,36.7752,0.161766,0
2010dt,0.05316,0.00088,36.8474,0.172204,0
2006lu,0.05346,0.00088,36.8631,0.133817,0
PS16bby,0.05468,0.00088,36.8327,0.178902,0
PS16ayd,0.05469,0.00088,36.8581,0.149593,0
SN2017cpu,0.05502,0.00088,36.6433,0.175423,0
490007,0.05541,0.00088,36.8676,0.194374,0
AT2017oz,0.05614,0.00088,36.8109,0.193162,0
2006py,0.05653,0.00088,36.9098,0.185051,0
PS16aer,0.05693,0.00088,37.0393,0.176308,0
2005hj,0.05708,0.00088,36.9903,0.171451,0
2008eq,0.05728,0.00088,37.0687,0.221323,0
2006ob,0.05824,0.00088,36.9821,0.138149,0
2006ob,0.05824,0.00088,36.9324,0.14674,0
SN2016gmb,0.0583,0.00089,36.9545,0.182842,0
2001ah,0.05886,0.00088,36.9802,0.215566,0
2001ah,0.05886,0.00088,37.146,0.252804,0
LSQ13crf,0.05974,0.00508,36.3001,0.617516,0
SN2017cjv,0.06092,0.0009,37.032,0.17759,0
2008bz,0.06099,0.00089,37.1631,0.123921,0
2008bz,0.06099,0.00089,37.1925,0.16057,0
SN2016hhv,0.06121,0.0009,37.1383,0.198009,0
2008go,0.06137,0.0009,36.9608,0.196145,0
2008go,0.06137,0.0009,36.9691,0.141986,0
2006oa,0.06153,0.00089,37.0747,0.183316,0
1992bs,0.06372,0.0009,37.3517,0.206518,0
SN2016aqb,0.06384,0.00089,37.0197,0.155855,0
PS16bnz,0.06446,0.00091,37.0786,0.154429,0
2007ae,0.06533,0.00096,37.0851,0.153034,0
PS15cms,0.06627,0.00089,37.3617,0.203312,0
6057,0.06654,0.00089,37.1627,0.296189,0
SN2016ixf,0.06711,0.0009,37.4237,0.194412,0
AT2016aj,0.06725,0.00089,37.2344,0.203006,0
PS15bjg,0.06786,0.00089,37.4935,0.190499,0
CSS160129,0.06844,0.00134,37.2381,0.191221,0
2006al,0.06886,0.00089,37.4213,0.159324,0
PTSS17-niq,0.06897,0.00089,37.2817,0.174144,0
1993B,0.07023,0.0009,37.2944,0.277681,0
2008Y,0.07056,0.00089,37.2961,0.226908,0
2008Y,0.07056,0.00089,37.2775,0.212322,0
PS17yt,0.07073,0.00089,37.4787,0.176182,0
PS16em,0.07083,0.00091,37.4814,0.447068,0
2006on,0.07089,0.00089,37.4543,0.24781,0
470043,0.0709,0.01004,37.7291,0.501827,0
ATLAS16bwu,0.07091,0.00089,37.3712,0.228257,0
PS15bdr,0.07116,0.00089,37.3552,0.196012,0
PS15bwh,0.07158,0.00099,37.2494,0.16107,0
370566,0.07167,0.00134,37.4155,0.208957,0
PS15mt,0.07193,0.0009,37.5618,0.180815,0
2007jd,0.07222,0.00089,37.6319,0.199695,0
PS15atx,0.07252,0.00093,37.6225,0.304764,0
Gaia16aki,0.07393,0.0009,37.5535,0.176502,0
1992ae,0.0744,0.0009,37.4346,0.222054,0
PS17bii,0.07446,0.0009,37.4501,0.192118,0
7876,0.0752,0.0009,37.4763,0.179761,0
2005ir,0.0752,0.0009,37.5656,0.154994,0
2010hs,0.0756,0.00508,37.8142,0.289148,0
AT2016gsu,0.07575,0.0009,37.5461,0.217171,0
370333,0.07588,0.00134,37.6342,0.198325,0
PS15bif,0.07845,0.00094,37.5715,0.150392,0
Gaia16acv,0.07859,0.0009,37.8315,0.146078,0
17186,0.07875,0.0009,38.0154,0.239252,0
2007hx,0.07875,0.0009,38.0942,0.180119,0
560033,0.07895,0.01004,37.5988,0.503338,0
12779,0.07906,0.0009,37.7843,0.238199,0
PS15bzz,0.07931,0.0009,37.53,0.147217,0
350316,0.07991,0.00135,37.6003,0.157805,0
2005ag,0.08009,0.0009,37.6668,0.119289,0
12950,0.08167,0.0009,37.7215,0.219648,0
130308,0.08245,0.0009,37.8192,0.217606,0
12898,0.08282,0.0009,37.6774,0.265638,0
12781,0.08309,0.00092,37.9939,0.195118,0
SN2016glp,0.0841,0.00091,37.9686,0.221594,0
3592,0.08572,0.00091,37.8406,0.128563,0
SN2016grz,0.08704,0.00103,37.8484,0.21681,0
1241,0.0887,0.00091,37.7772,0.253181,0
590194,0.09039,0.00091,37.9202,0.21704,0
370066,0.09089,0.00135,38.0269,0.167553,0
300105,0.09205,0.00091,38.1602,0.266341,0
iPTF17dz,0.09293,0.01004,38.2226,0.493293,0
010010,0.0995,0.00096,38.4377,0.194713,0
160099,0.10165,0.00092,38.2982,0.165557,0
000190,0.10221,0.00136,38.4085,0.187412,0
140181,0.10246,0.00092,38.2511,0.199553,0
100405,0.10294,0.00136,38.1815,0.18625,0
13135,0.10361,0.00092,38.3338,0.12638,0
20064,0.10374,0.00092,38.2079,0.196456,0
13038,0.10507,0.00508,38.4295,0.236183,0
18697,0.10661,0.00092,38.2611,0.195537,0
20625,0.10707,0.00092,38.4624,0.151122,0
3256,0.10711,0.00092,38.4295,0.210466,0
120225,0.10713,0.00136,38.7801,0.468541,0
21034,0.10774,0.00092,38.4984,0.180059,0
500038,0.10794,0.00092,38.4017,0.187108,0
7147,0.10908,0.00092,38.4016,0.133183,0
020027,0.11001,0.00136,38.5701,0.179741,0
18650,0.11259,0.00093,38.6214,0.163201,0
18612,0.11388,0.00093,38.3876,0.194923,0
8719,0.1165,0.00093,38.5408,0.159897,0
5395,0.11653,0.00106,38.6302,0.185742,0
2561,0.1176,0.00093,38.5727,0.239635,0
16259,0.11792,0.00093,38.6088,0.214419,0
1371,0.11818,0.00093,38.4157,0.127058,0
000137,0.11901,0.00137,38.5629,0.212381,0
5549,0.12014,0.00093,38.5958,0.200195,0
12860,0.12058,0.00093,38.7926,0.252257,0
490008,0.12086,0.01004,38.6348,0.302627,0
19953,0.12207,0.00094,38.5945,0.157915,0
390259,0.12231,0.00137,38.6119,0.231142,0
18835,0.12278,0.00094,38.6853,0.144584,0
2916,0.12316,0.00106,38.5967,0.274641,0
16021,0.12357,0.00094,38.6164,0.162163,0
13894,0.12377,0.00106,38.8009,0.333367,0
570062,0.12383,0.00137,38.8242,0.150324,0
6406,0.12393,0.00094,38.6504,0.145797,0
19543,0.12405,0.00509,38.835,0.221531,0
13044,0.12472,0.00094,38.7616,0.12587,0
15459,0.1256,0.00094,39.1417,0.298944,0
2992,0.12623,0.00094,38.4956,0.293348,0
16069,0.12706,0.00094,38.8125,0.259679,0
744,0.1271,0.00094,38.6849,0.280884,0
14871,0.1272,0.00106,38.7429,0.159508,0
18855,0.12732,0.00094,38.7841,0.176913,0
22075,0.1292,0.00094,38.7547,0.150979,0
1032,0.12921,0.00094,38.8403,0.212795,0
5751,0.1295,0.00094,38.833,0.250442,0
18415,0.12958,0.00094,38.8429,0.142748,0
18809,0.13169,0.00094,38.802,0.134576,0
151034,0.13281,0.00138,38.7841,0.122177,0
1334084,0.13366,0.00107,38.8266,0.283718,0
15508,0.13372,0.00095,38.8434,0.157696,0
14108,0.13477,0.00509,39.2366,0.199357,0
15234,0.13535,0.00095,39.0775,0.31333,0
000014,0.13614,0.00138,38.9771,0.206627,0
17629,0.13658,0.00095,38.8475,0.195569,0
19775,0.137,0.00095,39.0095,0.224296,0
18602,0.13713,0.00095,38.9616,0.259136,0
21062,0.13745,0.00095,39.3511,0.230391,0
17366,0.13822,0.00095,38.8857,0.128482,0
15171,0.13826,0.00107,38.9503,0.15974,0
190340,0.1384,0.00138,39.0229,0.12425,0
20084,0.13851,0.00095,39.0401,0.319084,0
12928,0.13875,0.00107,38.9999,0.176022,0
190230,0.1388,0.00138,39.0467,0.130742,0
090275,0.13955,0.00138,39.0213,0.145767,0
1794,0.14082,0.00095,39.1775,0.184019,0
17208,0.14104,0.00509,39.2835,0.203514,0
340229,0.14123,0.00138,39.0407,0.212429,0
1317666,0.14134,0.00107,39.1237,0.260864,0
2635,0.14325,0.00108,39.047,0.160602,0
17568,0.14345,0.00108,39.5154,0.37065,0
190260,0.14359,0.00138,39.1135,0.129494,0
17497,0.14404,0.00095,39.0756,0.170594,0
8921,0.14423,0.00095,39.016,0.24096,0
17605,0.14542,0.00096,39.1518,0.210163,0
1296657,0.14638,0.00108,39.1857,0.207408,0
440008,0.14652,0.00138,39.158,0.187578,0
1316385,0.14737,0.00108,39.0154,0.197495,0
13796,0.14747,0.00096,38.9672,0.171803,0
14024,0.14771,0.00096,39.134,0.188785,0
180166,0.14778,0.00138,39.161,0.170177,0
1293758,0.14803,0.00108,39.2285,0.184985,0
14437,0.14806,0.00096,39.0382,0.157931,0
1255502,0.14834,0.00108,39.0239,0.142683,0
13736,0.14898,0.00096,39.1606,0.17494,0
2308,0.1494,0.00509,39.1104,0.175216,0
000038,0.1505,0.00139,39.1058,0.170038,0
460003,0.15084,0.00139,39.1687,0.134119,0
2031,0.15195,0.00108,39.0477,0.158769,0
18323,0.15291,0.00096,39.3239,0.173198,0
15132,0.15318,0.00096,39.2175,0.127754,0
18740,0.15336,0.00096,39.0991,0.159928,0
19353,0.15341,0.00096,39.2564,0.179373,0
16073,0.15357,0.00096,39.3639,0.175468,0
5550,0.15511,0.00096,39.2076,0.167881,0
16116,0.15526,0.00096,39.278,0.157843,0
18030,0.15536,0.00096,39.3994,0.175858,0
19940,0.15601,0.00125,38.9704,0.179204,0
13354,0.15671,0.00096,39.2087,0.210288,0
16206,0.15856,0.00097,39.0794,0.163715,0
440042,0.15921,0.01005,39.4267,0.283686,0
14782,0.15931,0.00109,38.9503,0.143914,0
15425,0.15948,0.00097,39.0908,0.143045,0
1299775,0.16004,0.00109,39.0428,0.270648,0
3317,0.16008,0.00097,39.2286,0.167715,0
2689,0.16053,0.00097,39.2057,0.217053,0
390627,0.16061,0.01005,39.4242,0.26036,0
5103,0.16077,0.00097,39.2162,0.20927,0
120336,0.16122,0.00139,39.3106,0.246322,0
17825,0.16236,0.00509,39.3252,0.224064,0
19174,0.16375,0.00109,39.2807,0.200998,0
3087,0.16448,0.00097,39.2634,0.199319,0
19616,0.16471,0.00097,39.3293,0.139452,0
20764,0.16495,0.00097,39.3182,0.150918,0
20430,0.16603,0.00109,39.4938,0.241887,0
12843,0.16606,0.00097,39.1817,0.193496,0
12853,0.16828,0.00109,39.2757,0.165826,0
350233,0.16924,0.0014,39.5155,0.182871,0
17389,0.16971,0.00098,39.6721,0.274897,0
12856,0.17042,0.00098,39.4742,0.132684,0
590005,0.17124,0.01005,39.5424,0.275502,0
310039,0.17169,0.0014,39.4603,0.214715,0
19282,0.17256,0.0011,39.5021,0.177409,0
1303279,0.1727,0.0011,39.2676,0.152344,0
100090,0.17297,0.0014,39.7263,0.252568,0
3080,0.17331,0.00098,39.3871,0.131849,0
15897,0.17374,0.00098,39.5403,0.18318,0
120143,0.17378,0.0014,39.3493,0.151501,0
15648,0.17392,0.00098,39.5986,0.318528,0
14421,0.17417,0.00098,39.5734,0.137128,0
16165,0.1742,0.0011,39.3317,0.154309,0
5350,0.17438,0.0011,39.5053,0.183971,0
15583,0.17443,0.0011,39.5546,0.230974,0
19969,0.17444,0.00098,39.4849,0.162645,0
18604,0.17498,0.00098,39.7434,0.182014,0
14979,0.17666,0.0011,39.5164,0.135467,0
17218,0.17713,0.00098,39.5095,0.175623,0
14451,0.17737,0.0011,39.4771,0.138264,0
17220,0.17786,0.00098,39.3394,0.257355,0
370428,0.17791,0.0014,39.6477,0.131546,0
5635,0.17852,0.00099,39.9669,0.207864,0
6936,0.17901,0.00098,39.641,0.157339,0
300179,0.17911,0.0014,39.7672,0.201468,0
13045,0.17931,0.00098,39.5355,0.229828,0
1347120,0.17952,0.0051,39.5509,0.280575,0
2372,0.17973,0.00098,39.5519,0.174634,0
1303496,0.17975,0.0011,39.5962,0.208929,0
13254,0.18004,0.00098,39.9979,0.268081,0
14284,0.1805,0.00099,39.3688,0.13762,0
420159,0.18073,0.0014,39.5035,0.133745,0
330023,0.18078,0.0014,39.7166,0.179158,0
350548,0.18082,0.0014,39.6391,0.133983,0
360112,0.18086,0.01005,39.6151,0.246207,0
17215,0.18092,0.00099,39.6213,0.207991,0
370595,0.18126,0.01005,39.6585,0.225961,0
15443,0.18136,0.00099,39.4868,0.134057,0
1339392,0.18145,0.0011,39.3953,0.235174,0
17332,0.18217,0.00099,39.5863,0.201062,0
1580,0.18229,0.00099,39.5259,0.149858,0
1250017,0.18231,0.00111,39.6885,0.152439,0
15453,0.18252,0.00111,39.7821,0.177319,0
17391,0.1836,0.00111,39.5995,0.294191,0
1257695,0.18375,0.00111,39.68,0.151568,0
17168,0.18389,0.00099,39.752,0.19743,0
20048,0.18402,0.00099,39.796,0.218377,0
1296321,0.18458,0.00111,39.9384,0.282465,0
15421,0.18459,0.00099,39.7891,0.142656,0
8213,0.18484,0.00099,39.6548,0.27682,0
15461,0.18493,0.00099,39.613,0.134864,0
1336453,0.18506,0.00111,39.7435,0.159325,0
6422,0.18515,0.00099,39.6347,0.160441,0
16281,0.18522,0.00099,39.5427,0.172189,0
370563,0.18527,0.00141,39.7882,0.139358,0
15365,0.18667,0.00099,39.7559,0.144508,0
18807,0.18728,0.00111,39.7694,0.13671,0
5994,0.18809,0.0051,39.7451,0.191467,0
12927,0.18906,0.00099,39.4384,0.149571,0
16100,0.18908,0.00111,39.8089,0.256269,0
1273127,0.18929,0.00111,39.9359,0.228953,0
18787,0.18929,0.00099,40.1408,0.200523,0
18749,0.18948,0.00099,39.7413,0.209197,0
440643,0.18952,0.01005,39.7624,0.238646,0
6304,0.18995,0.00099,39.7286,0.224725,0
762,0.19025,0.00099,39.8807,0.15799,0
20687,0.19042,0.00099,39.6892,0.294972,0
2440,0.19044,0.00099,39.9182,0.154841,0
16276,0.19413,0.0051,39.7983,0.218857,0
2246,0.19434,0.00111,39.8787,0.222002,0
20821,0.19546,0.00112,40.1343,0.403955,0
1253920,0.19553,0.00112,39.7111,0.156617,0
14984,0.19557,0.00112,39.9082,0.195934,0
15674,0.19568,0.00112,39.958,0.212325,0
000236,0.19616,0.00141,39.7288,0.124812,0
15129,0.19621,0.001,39.7747,0.157962,0
1298893,0.19627,0.00112,39.8397,0.254651,0
1334620,0.19635,0.00112,39.8927,0.29342,0
13070,0.19733,0.001,39.8018,0.14158,0
18804,0.19741,0.001,39.6932,0.130873,0
1302058,0.19782,0.00112,39.492,0.189171,0
15222,0.19817,0.001,39.7561,0.182544,0
1316431,0.19828,0.0051,39.8879,0.174409,0
13370,0.19861,0.00112,40.3246,0.238597,0
360145,0.19877,0.00141,39.8881,0.211487,0
19658,0.19878,0.00112,39.889,0.174502,0
18768,0.19908,0.0051,40.0216,0.217638,0
110460,0.19953,0.00141,39.8511,0.254227,0
500504,0.19961,0.00141,39.6764,0.246154,0
560150,0.1997,0.00141,39.8965,0.17155,0
19101,0.20077,0.00112,39.6837,0.194976,0
470232,0.20083,0.01005,39.9838,0.252956,0
370308,0.20087,0.01005,39.7672,0.316127,0
590002,0.20128,0.01005,39.8575,0.216953,0
13152,0.20231,0.001,39.6184,0.198124,0
19913,0.20249,0.00112,39.9949,0.159703,0
6780,0.20279,0.001,39.8373,0.184965,0
14212,0.2032,0.001,39.9658,0.146626,0
15203,0.20329,0.00101,39.8822,0.166845,0
16032,0.20331,0.00112,39.9277,0.173799,0
7243,0.20334,0.001,39.9335,0.216127,0
15901,0.20382,0.00102,39.9041,0.171481,0
18965,0.20469,0.001,39.8809,0.160012,0
110033,0.20483,0.00142,39.8427,0.202322,0
17801,0.20523,0.00112,40.1661,0.227714,0
15872,0.20562,0.00101,39.8126,0.174944,0
1327978,0.20691,0.00112,39.9225,0.279831,0
15201,0.20748,0.00101,40.316,0.333666,0
1283373,0.20751,0.00112,40.0725,0.148972,0
20376,0.2084,0.00129,39.7299,0.272182,0
15467,0.20856,0.00101,39.8758,0.146778,0
200132,0.20868,0.01005,40.1034,0.239508,0
15259,0.2087,0.00101,39.8639,0.197696,0
140152,0.20879,0.00142,39.8798,0.15965,0
16482,0.20948,0.00101,39.8413,0.262138,0
550154,0.21015,0.00142,40.1479,0.148877,0
19149,0.21037,0.00101,39.4543,0.186032,0
460105,0.21084,0.01005,39.9632,0.223017,0
14157,0.21095,0.00113,39.806,0.155718,0
18940,0.21114,0.00101,39.9552,0.163264,0
1257366,0.21134,0.00113,40.1415,0.266119,0
7847,0.21174,0.00101,39.9676,0.230498,0
17811,0.212,0.00113,39.9136,0.194498,0
18927,0.21225,0.00113,39.9374,0.243726,0
13305,0.2135,0.00101,40.0218,0.16528,0
8495,0.21365,0.00101,40.0084,0.19033,0
6933,0.21398,0.0051,39.8874,0.197488,0
110567,0.2144,0.00142,40.0179,0.298904,0
1249851,0.21507,0.00113,39.8825,0.477887,0
14019,0.21521,0.00113,40.4641,0.22943,0
1316,0.21578,0.00101,40.2253,0.258716,0
100206,0.2165,0.00142,39.8253,0.141535,0
17435,0.21689,0.00113,40.0672,0.190384,0
7473,0.21692,0.0051,40.0932,0.185301,0
20364,0.21742,0.00102,40.1395,0.269611,0
13641,0.21794,0.00113,39.9942,0.174837,0
1290816,0.21845,0.00113,40.2216,0.204417,0
1304678,0.21881,0.00113,40.1416,0.247596,0
9467,0.21897,0.00102,40.1925,0.240729,0
5533,0.21898,0.00102,40.1292,0.218822,0
1342255,0.21899,0.00113,40.0296,0.130815,0
1302187,0.21941,0.00113,40.0048,0.208962,0
15433,0.2195,0.00102,40.1098,0.160031,0
000220,0.21972,0.00143,40.0616,0.124319,0
18466,0.21978,0.00113,40.0882,0.173376,0
14331,0.2199,0.00102,40.2387,0.220195,0
19230,0.22017,0.00113,39.9228,0.242946,0
7512,0.22066,0.0051,40.1876,0.225274,0
15354,0.22083,0.00113,40.0798,0.266821,0
370098,0.22132,0.00143,40.0441,0.143254,0
480464,0.22132,0.01005,40.0588,0.204756,0
1331123,0.2215,0.00113,40.1937,0.166162,0
13025,0.22299,0.00102,40.3257,0.281229,0
14846,0.22349,0.00102,40.1511,0.167278,0
330083,0.22385,0.00143,40.0162,0.172818,0
1304442,0.22449,0.0051,40.1293,0.19721,0
550096,0.22449,0.00143,39.9449,0.245775,0
1292560,0.22493,0.00114,40.1126,0.160616,0
030066,0.22542,0.00143,40.1491,0.174035,0
13727,0.22543,0.00102,40.1329,0.188923,0
15229,0.22551,0.00114,40.1856,0.197444,0
020096,0.22578,0.00143,39.9865,0.175963,0
19992,0.22645,0.00114,40.3912,0.201078,0
1315192,0.22726,0.0051,40.097,0.228488,0
1315259,0.22818,0.00114,40.2236,0.183395,0
180561,0.22865,0.00143,40.1604,0.308241,0
13072,0.22928,0.00103,40.2229,0.202405,0
3452,0.22978,0.00103,40.1351,0.188066,0
21033,0.2302,0.0051,40.1283,0.227444,0
000006,0.23041,0.00143,40.3062,0.260109,0
040780,0.23082,0.00143,40.0717,0.296847,0
19008,0.23086,0.00114,40.1049,0.204707,0
360140,0.23092,0.01005,40.2958,0.226289,0
17875,0.23125,0.00103,40.3169,0.189753,0
430004,0.23162,0.00143,40.201,0.226906,0
1302648,0.23164,0.00114,40.0875,0.237265,0
1275946,0.23205,0.00114,40.2045,0.159507,0
15369,0.23282,0.0051,39.8341,0.180906,0
1292336,0.23367,0.00114,40.1857,0.255059,0
350047,0.23378,0.00143,40.4148,0.19637,0
1336687,0.23391,0.00114,40.1788,0.292139,0
12971,0.23395,0.00103,40.1389,0.214099,0
110536,0.23472,0.00144,40.1912,0.32799,0
1279500,0.23481,0.00114,40.2784,0.167703,0
1319366,0.23494,0.00114,40.158,0.183242,0
1298281,0.2352,0.0051,40.1629,0.275154,0
19341,0.23556,0.00103,40.2336,0.214202,0
15287,0.23639,0.00103,40.3805,0.155735,0
310574,0.23662,0.00144,40.2636,0.156727,0
13511,0.23664,0.00103,40.4674,0.193131,0
12881,0.23685,0.00103,40.119,0.236651,0
16350,0.23693,0.00103,40.2279,0.210237,0
1317277,0.23721,0.00115,40.2245,0.203948,0
20768,0.23746,0.00104,40.7365,0.305716,0
17884,0.23789,0.00103,40.2317,0.172272,0
470008,0.2395,0.01005,39.9059,0.208409,0
18486,0.23981,0.0012,40.13,0.180786,0
510251,0.2402,0.01005,40.3847,0.264226,0
580300,0.24085,0.00144,40.4016,0.166736,0
510550,0.24122,0.00144,40.3291,0.130654,0
460064,0.24151,0.00144,40.1214,0.184136,0
17223,0.24164,0.00115,40.172,0.261675,0
14481,0.2422,0.00104,40.564,0.221356,0
20111,0.2428,0.00104,40.4217,0.219858,0
480064,0.24284,0.00144,40.5734,0.259119,0
20088,0.24329,0.00104,40.2516,0.143114,0
13506,0.24354,0.00104,40.538,0.306318,0
19023,0.2441,0.00511,40.2956,0.242814,0
15466,0.24444,0.00104,40.2064,0.221704,0
3377,0.24459,0.00115,40.1263,0.186144,0
000174,0.24511,0.00144,40.3336,0.209543,0
420407,0.24523,0.00144,40.4957,0.181643,0
20039,0.24553,0.00104,40.3582,0.219468,0
000010,0.24585,0.00144,40.4318,0.167359,0
13835,0.24617,0.00104,40.3473,0.149416,0
15219,0.2465,0.00104,40.378,0.17135,0
12977,0.24656,0.00104,40.2829,0.214739,0
05D3mq,0.2466,0.00144,40.3907,0.15515,0
1334645,0.24711,0.00115,40.1983,0.137434,0
3451,0.24846,0.00104,40.203,0.17717,0
420087,0.2486,0.01005,40.4912,0.215929,0
450082,0.24861,0.01005,40.4276,0.195634,0
560152,0.24862,0.01005,40.3657,0.261564,0
15161,0.24865,0.00104,40.3256,0.178325,0
19990,0.24896,0.00104,40.427,0.180619,0
120585,0.24909,0.00144,40.3167,0.167358,0
3199,0.24972,0.00116,40.6733,0.220606,0
16106,0.24983,0.00116,40.2961,0.206796,0
15868,0.24986,0.00104,40.3915,0.163714,0
520077,0.25019,0.01005,40.5965,0.224495,0
390449,0.25022,0.01005,40.3764,0.218218,0
13689,0.25043,0.00104,40.4145,0.179616,0
5717,0.25051,0.00116,40.5692,0.188725,0
500004,0.25063,0.00144,40.3009,0.188277,0
16213,0.2509,0.00511,40.3873,0.202604,0
17552,0.25199,0.00104,40.4698,0.207347,0
310161,0.2526,0.00145,40.4622,0.166497,0
9032,0.2526,0.00116,40.4066,0.259149,0
000034,0.2533,0.00145,40.3688,0.15705,0
17464,0.25358,0.00116,40.0303,0.262822,0
5736,0.25407,0.00511,40.4546,0.167762,0
1336480,0.25616,0.00116,40.6458,0.194176,0
1112,0.2562,0.00105,40.5593,0.271675,0
17340,0.25637,0.00105,40.3729,0.207312,0
9457,0.25683,0.00105,40.5023,0.251739,0
19207,0.25731,0.00116,40.5776,0.249962,0
18325,0.25736,0.00105,40.4941,0.193606,0
8046,0.25772,0.00105,40.6088,0.22531,0
6108,0.25813,0.00116,40.528,0.231214,0
550041,0.25859,0.01005,40.4663,0.209281,0
1297026,0.25865,0.00116,40.51,0.149785,0
1303883,0.25904,0.00511,40.5418,0.163699,0
1289664,0.25919,0.00511,40.2879,0.178603,0
1335694,0.25923,0.00511,40.4255,0.162943,0
12972,0.25948,0.00116,40.5238,0.233841,0
1330426,0.25952,0.00511,40.442,0.169977,0
020176,0.26062,0.00145,40.5033,0.171288,0
370498,0.26094,0.01006,40.6128,0.185932,0
15440,0.26141,0.00105,40.447,0.207526,0
1337649,0.26162,0.00116,40.4182,0.225542,0
2017,0.26172,0.00105,40.6874,0.258941,0
19702,0.26173,0.00116,40.681,0.233293,0
1253,0.26175,0.00105,40.392,0.226027,0
13655,0.26184,0.00105,40.6935,0.249126,0
18945,0.262,0.00117,40.7216,0.216893,0
13956,0.26303,0.00511,41.2641,0.514634,0
520019,0.26323,0.00145,40.6388,0.170092,0
04D3ez,0.2636,0.00117,40.3997,0.177345,0
350235,0.26393,0.00145,40.5588,0.167704,0
330022,0.26397,0.00145,40.3035,0.205843,0
12983,0.26408,0.00105,40.6342,0.381046,0
2943,0.26419,0.00117,40.5074,0.238455,0
110478,0.2646,0.00145,40.5153,0.197965,0
13099,0.26463,0.00105,40.6719,0.256474,0
2422,0.26582,0.00511,40.6087,0.219728,0
6315,0.26583,0.00117,40.3244,0.206109,0
1334087,0.2664,0.00117,40.2901,0.264978,0
18463,0.267,0.00106,40.5463,0.204902,0
1309288,0.26791,0.00117,40.5103,0.202065,0
520023,0.26818,0.00146,40.4623,0.232043,0
530037,0.26859,0.01006,40.579,0.191142,0
06D3fp,0.2686,0.00146,40.4553,0.240404,0
14298,0.26887,0.00117,40.6039,0.217156,0
510638,0.2702,0.01006,40.6363,0.197002,0
19002,0.27021,0.00106,40.5089,0.164866,0
310051,0.27057,0.00146,40.5139,0.20931,0
160039,0.27094,0.00146,40.4887,0.166124,0
380378,0.27141,0.00146,40.5677,0.123404,0
1292332,0.27276,0.00117,40.5415,0.173203,0
15356,0.27351,0.00107,40.4721,0.208686,0
420258,0.27456,0.00146,40.7399,0.293068,0
100213,0.27509,0.00146,40.7769,0.239421,0
150254,0.27516,0.00146,40.5286,0.241865,0
20227,0.27585,0.00107,40.6631,0.213576,0
19051,0.27631,0.00106,40.6749,0.180061,0
4000,0.27668,0.00107,40.8504,0.272235,0
4046,0.27776,0.00511,40.6186,0.24474,0
1297465,0.27782,0.00118,40.9187,0.17803,0
5957,0.27935,0.00107,40.7037,0.164335,0
6196,0.2799,0.00107,40.5056,0.19932,0
040201,0.27995,0.00146,40.5664,0.153331,0
520188,0.2806,0.00146,40.6663,0.153096,0
18485,0.28132,0.00118,40.6224,0.174763,0
1317286,0.28207,0.00511,40.5986,0.166629,0
06D3dt,0.28266,0.00107,40.744,0.297355,0
15584,0.28344,0.00107,40.6596,0.184378,0
310238,0.28405,0.00147,40.5735,0.154134,0
14261,0.28446,0.00107,40.5431,0.186562,0
16072,0.28446,0.00107,40.6919,0.20709,0
17791,0.28478,0.00118,41.1135,0.351325,0
440050,0.28557,0.00147,40.7046,0.185989,0
350080,0.28588,0.00147,40.671,0.173206,0
20040,0.28665,0.00108,40.6389,0.217509,0
20245,0.28734,0.00107,40.5691,0.250397,0
17809,0.28758,0.00107,40.5379,0.238886,0
19128,0.28775,0.00511,40.8753,0.227224,0
1334644,0.28814,0.00118,40.7075,0.188011,0
1313594,0.28844,0.00118,40.749,0.137848,0
091869,0.28854,0.00147,40.7458,0.165419,0
2165,0.28894,0.00511,40.9433,0.226038,0
2789,0.28901,0.00108,40.7428,0.228497,0
1334597,0.28905,0.00511,40.6763,0.168052,0
1310395,0.28907,0.00511,40.702,0.277224,0
350180,0.28949,0.01006,40.9765,0.256114,0
1289288,0.28995,0.00119,40.7393,0.271437,0
570056,0.29008,0.00147,40.7298,0.234493,0
19596,0.29045,0.00119,40.7861,0.23085,0
19027,0.29123,0.00108,40.484,0.219145,0
1291090,0.29193,0.00119,40.7606,0.177707,0
1263715,0.29196,0.00119,40.7653,0.172199,0
12841,0.29215,0.00108,40.7505,0.483728,0
390264,0.29221,0.00147,40.4229,0.292471,0
21006,0.29251,0.00511,40.6378,0.228825,0
420414,0.29256,0.00147,40.6952,0.224836,0
150509,0.29293,0.00147,40.7458,0.174302,0
130755,0.29298,0.00147,40.8268,0.203556,0
6249,0.29365,0.00108,40.857,0.204834,0
1303004,0.29504,0.00512,40.762,0.173778,0
19794,0.2958,0.00108,41.0209,0.307913,0
580270,0.29587,0.00147,40.9989,0.165779,0
1119,0.29647,0.00108,40.9938,0.366054,0
13610,0.29692,0.00108,40.6595,0.202621,0
1293319,0.29695,0.00119,40.7505,0.210501,0
420196,0.29853,0.01006,41.2705,0.232731,0
570025,0.29855,0.01006,40.6539,0.272883,0
6137,0.29893,0.00119,40.9195,0.25505,0
10550,0.29933,0.00108,41.0113,0.341681,0
120444,0.29945,0.00147,41.0213,0.195981,0
14735,0.29947,0.00108,40.7335,0.186464,0
170428,0.3002,0.00147,40.9837,0.198158,0
5391,0.3003,0.00119,40.8795,0.247188,0
350078,0.30089,0.00148,41.1729,0.294726,0
350192,0.30142,0.01006,40.8585,0.191702,0
570022,0.30152,0.00148,41.1086,0.206046,0
460037,0.30251,0.00148,40.8894,0.22475,0
1339002,0.30304,0.0012,40.8204,0.274703,0
150457,0.30352,0.00148,40.9204,0.142521,0
7143,0.30365,0.00109,41.0778,0.197526,0
1287626,0.30404,0.00512,40.719,0.22209,0
19818,0.30406,0.00109,40.7052,0.182517,0
1335717,0.30476,0.0012,41.0411,0.242802,0
1259412,0.30486,0.0012,40.9018,0.140115,0
12883,0.30526,0.0012,40.5924,0.306711,0
350630,0.30538,0.00148,40.9054,0.133839,0
440005,0.30548,0.00148,41.0041,0.226225,0
350027,0.30581,0.00148,40.9451,0.165493,0
560087,0.30652,0.00148,40.8959,0.201565,0
340334,0.30681,0.00148,41.16,0.239095,0
1281668,0.30691,0.0012,40.9573,0.150058,0
520062,0.30818,0.00148,41.2018,0.139651,0
5966,0.30834,0.00109,40.9533,0.254065,0
1319821,0.30878,0.0012,40.9954,0.152417,0
6699,0.30922,0.0012,41.046,0.250639,0
5844,0.30938,0.0012,40.9757,0.270379,0
16211,0.30949,0.00109,41.0177,0.300429,0
21042,0.30962,0.0012,40.72,0.257177,0
1300516,0.31052,0.0012,40.6197,0.336421,0
15213,0.31061,0.0012,40.9962,0.221391,0
500100,0.31088,0.01006,41.046,0.182638,0
000420,0.31144,0.00148,41.0123,0.141744,0
1338128,0.31179,0.0012,41.0377,0.210925,0
1337838,0.31203,0.0012,40.9503,0.160446,0
1263369,0.31262,0.0012,40.9565,0.149709,0
1294743,0.31267,0.0012,41.0352,0.279475,0
20142,0.3127,0.0012,40.6239,0.2062,0
1283878,0.31296,0.0012,41.0195,0.203499,0
1341894,0.31303,0.0012,41.0061,0.176794,0
19632,0.31387,0.0011,41.0228,0.214434,0
530112,0.31453,0.00148,41.1251,0.155711,0
15383,0.31506,0.0011,41.0194,0.227804,0
6649,0.3152,0.00512,40.8837,0.219964,0
110716,0.31588,0.00148,41.2033,0.233304,0
15776,0.31593,0.0011,40.933,0.227638,0
6100,0.31623,0.00121,41.1979,0.274091,0
100163,0.31782,0.00149,41.0738,0.195921,0
1345553,0.31804,0.00121,41.0772,0.167213,0
080646,0.31822,0.00149,41.0199,0.153489,0
550059,0.3185,0.00149,41.3345,0.327925,0
310188,0.31901,0.01006,41.141,0.177674,0
440509,0.31901,0.01006,40.8941,0.203876,0
170078,0.32096,0.00149,41.2315,0.207296,0
330128,0.32104,0.00149,40.9546,0.156373,0
1266657,0.32118,0.00512,41.1921,0.293444,0
120085,0.32206,0.00149,40.7271,0.199265,0
580104,0.32223,0.00121,40.8628,0.158186,0
1261579,0.32223,0.00121,40.8774,0.138773,0
7475,0.32276,0.00512,40.9316,0.211904,0
05D2ab,0.32446,0.00149,41.0699,0.126468,0
050291,0.32548,0.00149,41.2273,0.193265,0
500301,0.3256,0.00149,41.2625,0.255286,0
18617,0.3258,0.00111,41.1639,0.271274,0
1305626,0.32581,0.00121,41.0478,0.141716,0
1308326,0.32632,0.00121,41.0504,0.157201,0
14456,0.32804,0.00111,41.0002,0.171833,0
050303,0.32842,0.00149,41.3079,0.308428,0
530219,0.32848,0.01006,41.351,0.278699,0
430003,0.32851,0.00149,40.934,0.295651,0
1337687,0.32868,0.00122,41.0716,0.150485,0
1306073,0.32868,0.00122,41.1,0.144172,0
6924,0.32871,0.00512,40.9276,0.222195,0
1316465,0.32907,0.00122,41.0566,0.165152,0
13934,0.32941,0.00111,41.4109,0.310571,0
540163,0.32952,0.00149,41.2391,0.162498,0
1301933,0.32968,0.00122,41.1031,0.114803,0
13830,0.32995,0.00111,40.8444,0.209813,0
120369,0.33047,0.00149,41.2306,0.131607,0
1338675,0.33056,0.00122,41.1674,0.214426,0
4241,0.33063,0.00122,41.1689,0.23109,0
480184,0.33089,0.00149,41.1586,0.239453,0
370394,0.3309,0.01006,40.996,0.212048,0
03D1fc,0.33103,0.00149,41.0098,0.137116,0
580235,0.33147,0.01006,41.0301,0.218692,0
20106,0.33147,0.00122,41.2335,0.285481,0
370344,0.33147,0.00149,41.1012,0.166036,0
470041,0.33189,0.00149,41.0149,0.143999,0
1306141,0.33237,0.00122,40.977,0.159233,0
130862,0.33298,0.0015,41.3299,0.201675,0
1309492,0.3335,0.00122,41.0025,0.141896,0
1346956,0.3335,0.00122,41.0366,0.176123,0
16093,0.3345,0.00111,41.1204,0.23572,0
500511,0.33498,0.0015,41.0251,0.171864,0
1346966,0.3351,0.00122,41.0242,0.177927,0
1314897,0.33671,0.00122,41.0367,0.18424,0
470015,0.33749,0.0015,41.1678,0.278653,0
040782,0.33751,0.0015,41.0098,0.23724,0
04D3kr,0.33762,0.0015,41.1477,0.176101,0
1300912,0.33778,0.00122,41.1537,0.233862,0
380318,0.33818,0.0015,41.145,0.211242,0
580276,0.33848,0.0015,41.1131,0.200412,0
1343337,0.33897,0.00122,41.0555,0.356511,0
04D3nh,0.34061,0.0015,41.1737,0.192422,0
320258,0.34098,0.0015,41.0587,0.1943,0
2533,0.34111,0.00512,41.0641,0.255103,0
1336009,0.34169,0.00123,41.2122,0.321008,0
1346387,0.34446,0.00512,41.3081,0.152468,0
350606,0.34448,0.0015,41.2914,0.299203,0
1329312,0.34487,0.00123,41.2333,0.171671,0
470110,0.34545,0.0015,41.2033,0.23021,0
03D1bp,0.34602,0.0015,41.3318,0.136683,0
310090,0.34696,0.0015,41.4163,0.370346,0
050301,0.34717,0.0015,41.1174,0.244272,0
330089,0.34881,0.0015,41.3721,0.218415,0
160198,0.3491,0.00151,41.2499,0.158604,0
1258906,0.34912,0.00123,41.282,0.206036,0
070955,0.34932,0.00151,41.1406,0.157954,0
380279,0.34939,0.00151,41.2033,0.168604,0
04D2mc,0.34949,0.00151,41.005,0.226318,0
05D2ie,0.34949,0.00151,41.3756,0.171432,0
440185,0.34949,0.01006,41.1526,0.205831,0
20186,0.34968,0.00123,41.4873,0.287684,0
1248677,0.35015,0.00123,41.1867,0.147015,0
000196,0.35059,0.00151,41.2342,0.163121,0
050296,0.35099,0.00151,41.2532,0.161378,0
05D2hc,0.35149,0.01006,41.4798,0.209505,0
120400,0.35149,0.00151,41.3343,0.138963,0
160197,0.35372,0.00151,41.3657,0.191944,0
05D2mp,0.35519,0.0012,41.4647,0.223042,0
1688,0.35774,0.00113,41.3574,0.291964,0
1334423,0.358,0.00124,41.3539,0.215252,0
04D3fk,0.35842,0.00133,41.2423,0.215992,0
04D2fs,0.3585,0.00151,41.1484,0.288995,0
1280217,0.35909,0.00513,41.1532,0.305677,0
160070,0.35909,0.00151,41.4429,0.171109,0
1307830,0.35946,0.00513,41.4213,0.15447,0
050293,0.36017,0.00151,41.187,0.191161,0
160126,0.36034,0.00151,41.0791,0.230289,0
470244,0.36091,0.01006,41.4328,0.197529,0
420417,0.36147,0.00151,41.1159,0.288022,0
1294014,0.3628,0.00124,41.2452,0.209997,0
1346137,0.36325,0.00124,41.364,0.215101,0
560121,0.36499,0.00152,41.4626,0.291566,0
100358,0.36623,0.00152,41.136,0.226225,0
190209,0.36656,0.00152,41.2327,0.155657,0
1308582,0.36713,0.00124,41.2088,0.151911,0
350083,0.3679,0.00152,41.2627,0.165575,0
04D1hd,0.36799,0.00152,41.4699,0.158375,0
1343533,0.36839,0.00125,41.5479,0.336428,0
1283936,0.36857,0.00125,41.463,0.345551,0
15704,0.36962,0.00114,41.4498,0.244353,0
18091,0.36987,0.00114,41.2185,0.255045,0
510578,0.37023,0.01007,41.3794,0.188778,0
04D2cf,0.37052,0.00152,41.3759,0.163241,0
05D4bm,0.37053,0.00152,41.3833,0.160025,0
13136,0.37057,0.00114,41.6395,0.256631,0
05D3jr,0.37062,0.01007,41.273,0.282407,0
390471,0.37062,0.00152,41.0698,0.135854,0
320469,0.37095,0.00152,41.4098,0.39052,0
1291957,0.37138,0.00125,41.334,0.168104,0
000199,0.37153,0.00152,41.3842,0.116639,0
05D4fo,0.37153,0.00152,41.4289,0.165418,0
05D4cw,0.37353,0.00152,41.3114,0.133039,0
16232,0.37436,0.00115,41.4722,0.234786,0
1299643,0.37676,0.00125,41.4155,0.15471,0
1282736,0.37805,0.00125,41.3598,0.223183,0
590031,0.37852,0.00152,41.4271,0.182401,0
7779,0.37991,0.00125,41.2959,0.219919,0
320099,0.37997,0.00152,41.4154,0.163795,0
500057,0.38061,0.01007,41.4614,0.188044,0
110425,0.38092,0.00153,41.4511,0.201434,0
1299785,0.38129,0.00126,41.4549,0.20413,0
000011,0.38153,0.00153,41.6775,0.218983,0
040150,0.38185,0.00153,41.5615,0.198898,0
580275,0.38248,0.00153,41.3726,0.265174,0
1343401,0.38291,0.00126,41.3678,0.206585,0
1281886,0.38402,0.00126,41.5182,0.20184,0
360139,0.386,0.00153,41.5217,0.152114,0
1338170,0.38672,0.00126,41.3791,0.270807,0
550218,0.38744,0.00153,41.5567,0.273474,0
050251,0.38781,0.00153,41.6302,0.283892,0
420352,0.38895,0.01007,41.383,0.199578,0
1290779,0.38949,0.00513,41.544,0.192176,0
120086,0.39255,0.00153,41.4742,0.237288,0
1291794,0.3951,0.00127,41.4677,0.203648,0
1296273,0.39706,0.00513,41.259,0.168535,0
1333438,0.39944,0.00127,41.7119,0.28782,0
05D4ff,0.4005,0.00154,41.4918,0.158339,0
110734,0.40221,0.00154,41.4795,0.199524,0
580312,0.40293,0.00154,41.5478,0.290402,0
1329615,0.40368,0.00127,41.616,0.213828,0
06D3ed,0.40463,0.00154,41.6747,0.166047,0
350050,0.40483,0.00154,41.3373,0.202033,0
05D4dt,0.4055,0.00154,41.7807,0.135518,0
1308314,0.40646,0.00514,41.6914,0.168815,0
1341370,0.40895,0.00514,41.7002,0.240024,0
1306390,0.4092,0.00128,41.7405,0.363654,0
450339,0.40935,0.00154,41.7061,0.274957,0
06D4cq,0.40949,0.00154,41.6784,0.172193,0
020090,0.41004,0.00154,41.6836,0.279968,0
1307277,0.41123,0.00128,41.662,0.318089,0
530251,0.4114,0.00154,41.8335,0.242677,0
520071,0.41161,0.00154,41.8131,0.149106,0
1315296,0.41266,0.00128,41.7893,0.330128,0
04D2fp,0.41657,0.00155,41.7295,0.149208,0
05D2dw,0.41857,0.00155,41.6174,0.202099,0
440162,0.41936,0.00155,41.6863,0.192599,0
550137,0.41939,0.00155,41.4604,0.22264,0
1289600,0.4196,0.00129,41.8662,0.224621,0
05D3cf,0.41965,0.00155,41.7981,0.235757,0
1340454,0.41995,0.00129,41.4394,0.294415,0
550202,0.42036,0.00155,41.8343,0.344188,0
1306626,0.42088,0.00129,41.6178,0.17643,0
110430,0.42094,0.00155,41.728,0.250117,0
1306991,0.42195,0.00129,41.5336,0.270821,0
04D4gg,0.42247,0.00155,41.6483,0.231707,0
1345594,0.42249,0.00129,41.6796,0.275449,0
490037,0.42348,0.00155,41.5955,0.186465,0
160200,0.4236,0.00155,41.8403,0.400817,0
1302523,0.42399,0.00129,41.7264,0.13417,0
1312274,0.42459,0.00129,41.7483,0.195831,0
1295027,0.42568,0.00129,41.7039,0.195468,0
1258940,0.42602,0.00129,41.7517,0.175449,0
050003,0.427,0.00155,41.813,0.229539,0
110542,0.42703,0.00155,41.8348,0.198324,0
110719,0.42793,0.00155,42.2757,0.23861,0
05D2cb,0.42859,0.00156,41.8825,0.403543,0
440236,0.42895,0.01007,41.6443,0.193398,0
1306029,0.42903,0.00514,41.8266,0.250757,0
100101,0.42976,0.00156,41.9219,0.19807,0
080723,0.4302,0.00156,41.8354,0.165783,0
04D1rh,0.43494,0.00156,41.7828,0.183674,0
06D4co,0.43546,0.00156,41.5839,0.13365,0
000142,0.43683,0.00156,42.0051,0.1818,0
1336008,0.4376,0.0013,41.6253,0.16614,0
1333246,0.43783,0.0013,41.882,0.356877,0
1310338,0.4389,0.00514,41.4679,0.211194,0
560027,0.43891,0.00156,41.6682,0.279961,0
050607,0.43935,0.00156,41.8262,0.202784,0
040166,0.44013,0.00156,42.1401,0.441915,0
510266,0.44067,0.01007,41.6364,0.160177,0
1328105,0.44149,0.0013,41.6823,0.183572,0
1295256,0.44245,0.00514,41.8523,0.172891,0
06D3df,0.44263,0.00156,41.9039,0.139699,0
06D2gb,0.44361,0.00157,41.793,0.182219,0
1291080,0.44391,0.00514,41.8069,0.290347,0
040137,0.44764,0.00157,41.8552,0.223954,0
1328066,0.44886,0.00514,41.8853,0.221814,0
1320166,0.44891,0.00514,41.9875,0.215648,0
050580,0.45068,0.00157,41.6446,0.157686,0
520016,0.45106,0.01007,41.9281,0.213431,0
04D2gb,0.45162,0.01007,41.5892,0.225346,0
120094,0.45162,0.00157,41.9923,0.154715,0
04D3gt,0.45163,0.00157,41.7162,0.305385,0
1290127,0.45218,0.00131,41.9959,0.320076,0
1253101,0.45328,0.00131,41.7953,0.207786,0
1253039,0.45346,0.00514,41.8863,0.14411,0
1334302,0.45458,0.00131,41.7873,0.209236,0
1306360,0.45477,0.00131,41.8839,0.284149,0
1345582,0.45885,0.00515,41.9679,0.252185,0
380199,0.46064,0.01007,42.0021,0.190943,0
510597,0.46104,0.01007,42.0162,0.230251,0
05D3lc,0.46164,0.00158,41.9839,0.138441,0
03D4au,0.46643,0.00158,42.3424,0.396492,0
000215,0.46654,0.00158,42.048,0.135922,0
04D4jr,0.46842,0.01007,41.9733,0.206146,0
1339149,0.46887,0.00132,41.7631,0.234035,0
04D4ju,0.47042,0.00158,42.2151,0.404516,0
05D3mx,0.47065,0.01007,42.0135,0.180637,0
370367,0.47163,0.00158,41.9798,0.210913,0
1316437,0.47204,0.00515,42.0374,0.25691,0
05D2bv,0.47565,0.00159,41.938,0.177112,0
370329,0.47786,0.00159,42.2269,0.228278,0
310146,0.47941,0.01008,41.8695,0.203883,0
1306537,0.47946,0.00515,42.0107,0.198987,0
560054,0.47988,0.00159,41.8956,0.237796,0
05D3dd,0.48064,0.01008,42.0041,0.160362,0
05D2ac,0.48065,0.00159,41.9748,0.139221,0
120044,0.48164,0.00159,42.3055,0.210887,0
05D1ix,0.48888,0.01008,42.0842,0.199732,0
1292145,0.49244,0.00134,42.2783,0.335403,0
1343208,0.49499,0.00134,42.0821,0.165011,0
1305504,0.49566,0.00134,42.1453,0.120919,0
03D1ax,0.49579,0.00126,42.0817,0.153945,0
05D4af,0.49739,0.0016,42.1268,0.225856,0
06D2bk,0.50067,0.0016,42.257,0.253816,0
350374,0.50098,0.0016,42.1165,0.283133,0
1337272,0.50282,0.00135,42.161,0.218549,0
030006,0.50285,0.0016,42.0703,0.312874,0
510457,0.50306,0.0016,42.1484,0.311282,0
03D1au,0.50316,0.00135,42.1444,0.228687,0
1335472,0.50593,0.00135,42.079,0.166703,0
1343759,0.50615,0.00135,42.1043,0.151709,0
310091,0.50725,0.00161,42.2358,0.180974,0
05D4av,0.50739,0.00161,42.2419,0.288822,0
090201,0.50825,0.00161,42.0193,0.184312,0
180313,0.51016,0.00161,42.0945,0.144405,0
110484,0.51095,0.00161,42.0583,0.239085,0
05D2dy,0.51169,0.01008,42.3885,0.227281,0
04D1pg,0.51387,0.00161,42.2567,0.35966,0
04D4in,0.51437,0.00136,42.2259,0.196162,0
04D2mj,0.51469,0.00161,42.3259,0.402924,0
1338430,0.51726,0.00136,42.0932,0.190441,0
1334470,0.51883,0.00516,42.1949,0.250421,0
310260,0.51885,0.01008,42.1824,0.209558,0
450175,0.51941,0.00161,42.2438,0.315111,0
06D3el,0.51968,0.00161,42.2905,0.196455,0
04D2gc,0.52271,0.00162,42.3496,0.273927,0
1295921,0.524,0.00516,42.1774,0.369236,0
1322229,0.5262,0.00137,42.1702,0.223271,0
050005,0.52859,0.00162,42.0855,0.188829,0
1322979,0.52937,0.00516,42.2913,0.141023,0
330106,0.53099,0.00162,41.8802,0.23431,0
160066,0.53111,0.00162,42.5109,0.289268,0
1338471,0.53124,0.00137,42.5253,0.38093,0
1337703,0.53225,0.00137,41.9821,0.221979,0
06D2ca,0.53271,0.00162,42.2472,0.294354,0
06D2cc,0.53372,0.00162,42.1649,0.273819,0
05D4ek,0.53435,0.00162,42.1433,0.225295,0
05D4be,0.53534,0.00162,42.3205,0.204703,0
05D2eb,0.53572,0.00162,42.2134,0.209507,0
1289656,0.53942,0.00516,42.3338,0.244476,0
110426,0.54097,0.00163,42.2791,0.233447,0
1324542,0.54152,0.00138,42.53,0.24247,0
520041,0.54545,0.00163,42.5633,0.191404,0
04D4bq,0.54834,0.01008,42.0235,0.363222,0
1306980,0.54881,0.00516,42.1695,0.378555,0
050201,0.55021,0.00163,42.3253,0.19588,0
06D4bo,0.55033,0.00163,42.3728,0.208456,0
1339450,0.55046,0.00139,42.4104,0.376261,0
04D3hn,0.55267,0.00164,42.1938,0.244151,0
06D2ck,0.55375,0.00164,42.49,0.207133,0
1337117,0.55384,0.00139,42.0827,0.177409,0
05D1ee,0.55782,0.00164,42.4389,0.195189,0
05D1kl,0.55882,0.00164,42.7331,0.3833,0
04D1hx,0.55882,0.00164,42.2975,0.356215,0
1289555,0.56181,0.0014,42.2937,0.227829,0
1303952,0.56269,0.0014,42.6016,0.265242,0
05D1cc,0.56283,0.00164,42.4296,0.234712,0
1285317,0.56437,0.0014,42.3928,0.221111,0
1330903,0.56437,0.0014,42.4881,0.207587,0
1338278,0.56437,0.0014,42.3969,0.296515,0
05D1dn,0.56481,0.00164,42.4873,0.19275,0
1317454,0.56879,0.00517,42.2407,0.262337,0
1306785,0.57542,0.00141,42.1912,0.452867,0
05D2dt,0.57577,0.00165,42.5915,0.213158,0
050203,0.57619,0.00165,42.4887,0.202103,0
06D3et,0.57668,0.00165,42.4263,0.166843,0
1337228,0.57737,0.00141,42.645,0.290949,0
03D4gf,0.5783,0.01009,42.4174,0.24485,0
110721,0.57831,0.00165,42.4512,0.241176,0
05D1dx,0.57882,0.01009,42.4272,0.214391,0
1332059,0.57891,0.00517,42.5317,0.231686,0
05D3jq,0.57967,0.00165,42.3923,0.23116,0
05D3gp,0.58067,0.01009,42.573,0.262496,0
03D1aw,0.5808,0.00517,42.7061,0.239821,0
04D1jg,0.58301,0.00141,42.5408,0.168029,0
05D4ej,0.5833,0.00166,42.7974,0.186201,0
04D1kj,0.58382,0.00166,42.4765,0.198486,0
04D1sa,0.58382,0.00166,42.6489,0.184752,0
1338387,0.5839,0.00517,42.4199,0.199369,0
05D1hm,0.58582,0.00166,42.707,0.37297,0
05D4bf,0.5873,0.00166,42.6241,0.203038,0
04D1oh,0.58879,0.01009,42.5021,0.220032,0
03D4gg,0.59029,0.00166,42.5156,0.248253,0
04D2mh,0.59179,0.01009,42.4508,0.255828,0
05D3lr,0.60067,0.01009,42.6116,0.278838,0
1338233,0.60155,0.00143,42.7562,0.394779,0
05D4ef,0.60328,0.00167,42.7503,0.2001,0
1335564,0.60626,0.00143,42.6158,0.275076,0
03D4dy,0.60827,0.01009,42.5904,0.228388,0
1302141,0.60876,0.00518,42.4282,0.350327,0
1332413,0.60878,0.00518,42.6179,0.230751,0
05D2he,0.60981,0.00167,42.6876,0.321483,0
04D3do,0.61071,0.01009,42.6686,0.184238,0
04D4an,0.61127,0.00167,42.9049,0.247686,0
1295305,0.61177,0.00518,42.701,0.16444,0
05D1ck,0.61577,0.00168,42.7085,0.347272,0
1308957,0.61875,0.00518,42.7164,0.388756,0
1335868,0.61941,0.00518,42.6948,0.2753,0
000202,0.61983,0.00168,42.7557,0.154862,0
04D3co,0.6207,0.01009,42.6988,0.268136,0
04D2an,0.62183,0.01009,42.5894,0.275623,0
03D4dh,0.62525,0.00141,42.6577,0.215148,0
04D4fx,0.62725,0.00169,42.585,0.244041,0
05D1cb,0.63077,0.00169,42.6632,0.202856,0
05D2ci,0.63183,0.00169,42.3111,0.32695,0
03D4at,0.63225,0.00169,42.8493,0.323662,0
1330642,0.63399,0.00145,42.5972,0.147609,0
04D1pu,0.63777,0.00169,42.5298,0.442879,0
1343871,0.63794,0.00145,42.8637,0.31082,0
05D4ag,0.63824,0.01009,42.6594,0.367516,0
1337325,0.63873,0.00518,42.7804,0.261646,0
1334879,0.63934,0.00518,42.79,0.171844,0
05D2ec,0.64185,0.0017,42.8476,0.256941,0
1308568,0.64311,0.00146,42.3609,0.407842,0
04D3cy,0.64371,0.0017,42.7992,0.309841,0
05D3ax,0.64371,0.0017,42.8034,0.316528,0
05D3lb,0.6477,0.0017,42.819,0.288435,0
1338266,0.64852,0.00146,43.0397,0.272369,0
05D3kt,0.6487,0.0017,42.7335,0.310678,0
1334707,0.64962,0.00146,42.7805,0.149571,0
04D1sk,0.66213,0.00147,42.9793,0.279772,0
05D3hs,0.6647,0.00171,42.8698,0.233989,0
05D3mh,0.67072,0.0101,43.0677,0.274795,0
03D1co,0.67773,0.00172,43.2251,0.311797,0
05D2bt,0.6819,0.0101,42.8376,0.239367,0
06D3cc,0.68372,0.00172,43.1716,0.407734,0
04D4ic,0.68519,0.00172,43.0166,0.366173,0
05D1ke,0.68872,0.0101,42.8137,0.226508,0
1262715,0.68935,0.00519,42.8535,0.15677,0
1262214,0.68936,0.00519,43.0444,0.271991,0
06D3em,0.69072,0.0101,42.9143,0.425857,0
03D4cz,0.69318,0.00173,42.9162,0.318024,0
04D4ib,0.69718,0.00173,42.9692,0.212738,0
06D4ba,0.69818,0.0101,42.9671,0.342807,0
05D4bj,0.69918,0.00173,42.9402,0.338462,0
05D4cq,0.69918,0.00173,43.0691,0.215345,0
1335718,0.69932,0.0052,43.1107,0.155898,0
05D2ck,0.69992,0.00173,43.1147,0.29538,0
04D1si,0.7007,0.00174,42.917,0.223194,0
04D4hu,0.70117,0.00174,43.0968,0.261582,0
04D2iu,0.70192,0.0101,42.8962,0.462713,0
05D2le,0.70192,0.00174,43.0433,0.252753,0
05D3gv,0.71571,0.00175,42.9944,0.245932,0
05D3jh,0.71874,0.00175,42.8739,0.18843,0
1331993,0.71968,0.00152,43.1638,0.204549,0
04D1aj,0.71969,0.0101,42.97,0.342226,0
05D4ev,0.72015,0.00175,43.1612,0.243162,0
06D3gh,0.72074,0.00175,43.0459,0.305174,0
06D3do,0.72674,0.00175,43.0811,0.248363,0
06D3bz,0.72774,0.00175,43.008,0.257091,0
1304127,0.72866,0.0052,43.005,0.283498,0
06D4bw,0.73014,0.00176,42.9186,0.321961,0
1329166,0.73161,0.00153,43.1799,0.196424,0
04D1pp,0.73368,0.00176,42.9845,0.195902,0
04D2gp,0.73395,0.00176,43.22,0.388289,0
05D2fq,0.73495,0.00176,43.2537,0.224615,0
05D1eo,0.73568,0.00176,43.1807,0.25711,0
05D2ct,0.73596,0.00176,43.1675,0.425639,0
05D3jk,0.73675,0.00176,42.992,0.21489,0
04D2ja,0.74196,0.00176,43.4813,0.32514,0
04D3fq,0.74276,0.00176,43.0825,0.327179,0
05D3jb,0.74573,0.00177,43.1675,0.195179,0
04D2kr,0.74607,0.00154,42.9817,0.25474,0
04D4im,0.74911,0.00177,42.9396,0.262488,0
1285160,0.7493,0.00521,43.1772,0.163225,0
04D3ks,0.75074,0.01011,42.9012,0.318716,0
05D2nt,0.75899,0.00178,43.2469,0.233153,0
05D3mn,0.76076,0.00178,43.0667,0.201161,0
05D4cn,0.7611,0.00178,43.1767,0.236628,0
05D1if,0.76165,0.00178,43.131,0.239872,0
04D1qd,0.76566,0.00178,43.2369,0.225434,0
04D1de,0.76666,0.00178,43.4224,0.250162,0
05D3hh,0.76674,0.00178,43.3623,0.27025,0
04D4id,0.76709,0.00178,43.5587,0.25715,0
04D1pc,0.76865,0.00178,43.2929,0.311675,0
1329196,0.76932,0.00521,43.2168,0.162741,0
05D4bi,0.77309,0.00178,43.3568,0.295081,0
1325358,0.77929,0.00522,43.0395,0.311092,0
05D4cs,0.78807,0.01011,43.3042,0.232049,0
03D4fd,0.78907,0.0018,43.3837,0.271177,0
1309749,0.78928,0.00522,43.1995,0.165559,0
04D1ks,0.79662,0.01011,42.9026,0.372096,0
03D1fq,0.79863,0.01011,43.4338,0.288144,0
Elvis,0.83981,0.00523,43.36,0.211845,0
Spock,0.83981,0.00161,43.2012,0.390423,0
Manipogo,0.85482,0.00163,43.6168,0.299913,0
Vilas,0.93585,0.00525,43.5331,0.239939,0
Ombo,0.97423,0.00172,44.1111,0.201519,0
SCP05D0,1.01242,0.00175,44.1177,0.367085,0
Eagle,1.01988,0.00176,44.2757,0.225903,0
Ferguson,1.02088,0.00528,43.9706,0.47547,0
Strolger,1.02789,0.00176,44.5364,0.353385,0
SCP06U4,1.04817,0.00178,44.4229,0.488758,0
Gabi,1.12092,0.0053,44.4405,0.22363,0
SCP06H5,1.23225,0.00193,44.3207,0.610496,0
Lancaster,1.23597,0.00193,44.905,0.273735,0
Aphrodite,1.29911,0.00535,44.8641,0.275291,0
Thoth,1.3041,0.00199,44.7206,0.316517,0
Inanna,1.30611,0.00199,45.0197,0.445162,0
SCP05D6,1.31317,0.00199,44.7867,0.316349,0
washington,1.3291,0.02009,44.8745,0.238344,0
Borg,1.34101,0.00537,44.7541,0.306395,0
SCP06G4,1.35136,0.00202,44.5492,0.31846,0
Mcguire,1.35608,0.00203,44.8094,0.238282,0
Sasquatch,1.39103,0.00538,44.7944,0.374345,0
SCP06K0,1.41633,0.00208,44.4579,0.735776,0
carter,1.5429,0.04006,45.0902,0.371014,0
Primo,1.54901,0.00213,45.293,0.233771,0
rutledge,1.61505,0.00545,45.1595,0.333024,0
geta,1.69706,0.04006,45.2863,0.38048,0
stone,1.80119,0.02014,45.4865,0.281981,0
wilson,1.91165,0.00263,45.4233,0.358642,0
colfax,2.26137,0.02018,46.1828,0.281309,0
